Lugar de condena;Edad del infractor;Periodo;Total
Total Nacional;Total ;2022;426.416
Total Nacional;Total ;2021;410.842
Total Nacional;Total ;2020;311.271
Total Nacional;Total ;2019;412.571
Total Nacional;Total ;2018;406.327
Total Nacional;Total ;2017;394.301
Total Nacional;Total ;2016;365.202
Total Nacional;Total ;2015;288.756
Total Nacional;Total ;2014;277.956
Total Nacional;Total ;2013;275.196
Total Nacional;De 18 a 20 años;2022;33.789
Total Nacional;De 18 a 20 años;2021;33.550
Total Nacional;De 18 a 20 años;2020;25.766
Total Nacional;De 18 a 20 años;2019;35.039
Total Nacional;De 18 a 20 años;2018;34.674
Total Nacional;De 18 a 20 años;2017;35.394
Total Nacional;De 18 a 20 años;2016;32.558
Total Nacional;De 18 a 20 años;2015;24.815
Total Nacional;De 18 a 20 años;2014;23.566
Total Nacional;De 18 a 20 años;2013;24.006
Total Nacional;De 21 a 25 años;2022;57.063
Total Nacional;De 21 a 25 años;2021;55.212
Total Nacional;De 21 a 25 años;2020;42.400
Total Nacional;De 21 a 25 años;2019;58.013
Total Nacional;De 21 a 25 años;2018;58.605
Total Nacional;De 21 a 25 años;2017;57.827
Total Nacional;De 21 a 25 años;2016;54.388
Total Nacional;De 21 a 25 años;2015;43.886
Total Nacional;De 21 a 25 años;2014;43.113
Total Nacional;De 21 a 25 años;2013;42.975
Total Nacional;De 26 a 30 años;2022;58.646
Total Nacional;De 26 a 30 años;2021;57.297
Total Nacional;De 26 a 30 años;2020;43.119
Total Nacional;De 26 a 30 años;2019;58.714
Total Nacional;De 26 a 30 años;2018;58.277
Total Nacional;De 26 a 30 años;2017;57.025
Total Nacional;De 26 a 30 años;2016;54.334
Total Nacional;De 26 a 30 años;2015;43.815
Total Nacional;De 26 a 30 años;2014;43.125
Total Nacional;De 26 a 30 años;2013;43.865
Total Nacional;De 31 a 35 años;2022;60.174
Total Nacional;De 31 a 35 años;2021;57.859
Total Nacional;De 31 a 35 años;2020;44.459
Total Nacional;De 31 a 35 años;2019;59.368
Total Nacional;De 31 a 35 años;2018;60.125
Total Nacional;De 31 a 35 años;2017;57.788
Total Nacional;De 31 a 35 años;2016;54.364
Total Nacional;De 31 a 35 años;2015;44.923
Total Nacional;De 31 a 35 años;2014;44.502
Total Nacional;De 31 a 35 años;2013;44.282
Total Nacional;De 36 a 40 años;2022;59.460
Total Nacional;De 36 a 40 años;2021;57.961
Total Nacional;De 36 a 40 años;2020;44.070
Total Nacional;De 36 a 40 años;2019;58.315
Total Nacional;De 36 a 40 años;2018;57.673
Total Nacional;De 36 a 40 años;2017;56.029
Total Nacional;De 36 a 40 años;2016;51.193
Total Nacional;De 36 a 40 años;2015;41.247
Total Nacional;De 36 a 40 años;2014;39.384
Total Nacional;De 36 a 40 años;2013;38.768
Total Nacional;De 41 a 50 años;2022;93.935
Total Nacional;De 41 a 50 años;2021;89.114
Total Nacional;De 41 a 50 años;2020;67.822
Total Nacional;De 41 a 50 años;2019;87.141
Total Nacional;De 41 a 50 años;2018;84.504
Total Nacional;De 41 a 50 años;2017;80.207
Total Nacional;De 41 a 50 años;2016;74.091
Total Nacional;De 41 a 50 años;2015;57.818
Total Nacional;De 41 a 50 años;2014;54.824
Total Nacional;De 41 a 50 años;2013;53.198
Total Nacional;De 51 a 60 años;2022;44.891
Total Nacional;De 51 a 60 años;2021;42.439
Total Nacional;De 51 a 60 años;2020;31.043
Total Nacional;De 51 a 60 años;2019;39.231
Total Nacional;De 51 a 60 años;2018;37.106
Total Nacional;De 51 a 60 años;2017;35.170
Total Nacional;De 51 a 60 años;2016;31.391
Total Nacional;De 51 a 60 años;2015;23.546
Total Nacional;De 51 a 60 años;2014;21.686
Total Nacional;De 51 a 60 años;2013;20.739
Total Nacional;De 61 a 70 años;2022;13.965
Total Nacional;De 61 a 70 años;2021;13.284
Total Nacional;De 61 a 70 años;2020;9.631
Total Nacional;De 61 a 70 años;2019;12.794
Total Nacional;De 61 a 70 años;2018;11.616
Total Nacional;De 61 a 70 años;2017;11.320
Total Nacional;De 61 a 70 años;2016;9.824
Total Nacional;De 61 a 70 años;2015;6.924
Total Nacional;De 61 a 70 años;2014;6.214
Total Nacional;De 61 a 70 años;2013;5.874
Total Nacional;71 y más años;2022;4.493
Total Nacional;71 y más años;2021;4.126
Total Nacional;71 y más años;2020;2.961
Total Nacional;71 y más años;2019;3.956
Total Nacional;71 y más años;2018;3.747
Total Nacional;71 y más años;2017;3.541
Total Nacional;71 y más años;2016;3.059
Total Nacional;71 y más años;2015;1.782
Total Nacional;71 y más años;2014;1.542
Total Nacional;71 y más años;2013;1.489
01 Andalucía;Total ;2022;82.489
01 Andalucía;Total ;2021;79.458
01 Andalucía;Total ;2020;58.900
01 Andalucía;Total ;2019;77.303
01 Andalucía;Total ;2018;79.176
01 Andalucía;Total ;2017;76.097
01 Andalucía;Total ;2016;70.693
01 Andalucía;Total ;2015;55.998
01 Andalucía;Total ;2014;53.536
01 Andalucía;Total ;2013;54.881
01 Andalucía;De 18 a 20 años;2022;5.863
01 Andalucía;De 18 a 20 años;2021;5.958
01 Andalucía;De 18 a 20 años;2020;4.483
01 Andalucía;De 18 a 20 años;2019;5.872
01 Andalucía;De 18 a 20 años;2018;6.305
01 Andalucía;De 18 a 20 años;2017;6.482
01 Andalucía;De 18 a 20 años;2016;6.201
01 Andalucía;De 18 a 20 años;2015;4.812
01 Andalucía;De 18 a 20 años;2014;4.689
01 Andalucía;De 18 a 20 años;2013;5.045
01 Andalucía;De 21 a 25 años;2022;10.498
01 Andalucía;De 21 a 25 años;2021;10.258
01 Andalucía;De 21 a 25 años;2020;7.382
01 Andalucía;De 21 a 25 años;2019;10.238
01 Andalucía;De 21 a 25 años;2018;11.398
01 Andalucía;De 21 a 25 años;2017;11.223
01 Andalucía;De 21 a 25 años;2016;10.624
01 Andalucía;De 21 a 25 años;2015;9.087
01 Andalucía;De 21 a 25 años;2014;8.686
01 Andalucía;De 21 a 25 años;2013;9.056
01 Andalucía;De 26 a 30 años;2022;11.612
01 Andalucía;De 26 a 30 años;2021;11.576
01 Andalucía;De 26 a 30 años;2020;8.375
01 Andalucía;De 26 a 30 años;2019;11.208
01 Andalucía;De 26 a 30 años;2018;11.858
01 Andalucía;De 26 a 30 años;2017;11.406
01 Andalucía;De 26 a 30 años;2016;10.875
01 Andalucía;De 26 a 30 años;2015;8.446
01 Andalucía;De 26 a 30 años;2014;8.275
01 Andalucía;De 26 a 30 años;2013;8.959
01 Andalucía;De 31 a 35 años;2022;12.398
01 Andalucía;De 31 a 35 años;2021;11.977
01 Andalucía;De 31 a 35 años;2020;8.818
01 Andalucía;De 31 a 35 años;2019;11.701
01 Andalucía;De 31 a 35 años;2018;11.853
01 Andalucía;De 31 a 35 años;2017;11.354
01 Andalucía;De 31 a 35 años;2016;10.645
01 Andalucía;De 31 a 35 años;2015;8.480
01 Andalucía;De 31 a 35 años;2014;8.510
01 Andalucía;De 31 a 35 años;2013;8.623
01 Andalucía;De 36 a 40 años;2022;12.057
01 Andalucía;De 36 a 40 años;2021;11.449
01 Andalucía;De 36 a 40 años;2020;8.512
01 Andalucía;De 36 a 40 años;2019;11.225
01 Andalucía;De 36 a 40 años;2018;11.230
01 Andalucía;De 36 a 40 años;2017;10.798
01 Andalucía;De 36 a 40 años;2016;9.702
01 Andalucía;De 36 a 40 años;2015;7.748
01 Andalucía;De 36 a 40 años;2014;7.254
01 Andalucía;De 36 a 40 años;2013;7.460
01 Andalucía;De 41 a 50 años;2022;17.698
01 Andalucía;De 41 a 50 años;2021;16.592
01 Andalucía;De 41 a 50 años;2020;12.869
01 Andalucía;De 41 a 50 años;2019;16.282
01 Andalucía;De 41 a 50 años;2018;16.247
01 Andalucía;De 41 a 50 años;2017;15.236
01 Andalucía;De 41 a 50 años;2016;14.087
01 Andalucía;De 41 a 50 años;2015;11.221
01 Andalucía;De 41 a 50 años;2014;10.581
01 Andalucía;De 41 a 50 años;2013;10.355
01 Andalucía;De 51 a 60 años;2022;8.780
01 Andalucía;De 51 a 60 años;2021;8.365
01 Andalucía;De 51 a 60 años;2020;6.029
01 Andalucía;De 51 a 60 años;2019;7.644
01 Andalucía;De 51 a 60 años;2018;7.440
01 Andalucía;De 51 a 60 años;2017;6.928
01 Andalucía;De 51 a 60 años;2016;6.235
01 Andalucía;De 51 a 60 años;2015;4.632
01 Andalucía;De 51 a 60 años;2014;4.121
01 Andalucía;De 51 a 60 años;2013;4.007
01 Andalucía;De 61 a 70 años;2022;2.758
01 Andalucía;De 61 a 70 años;2021;2.581
01 Andalucía;De 61 a 70 años;2020;1.904
01 Andalucía;De 61 a 70 años;2019;2.411
01 Andalucía;De 61 a 70 años;2018;2.150
01 Andalucía;De 61 a 70 años;2017;2.057
01 Andalucía;De 61 a 70 años;2016;1.804
01 Andalucía;De 61 a 70 años;2015;1.244
01 Andalucía;De 61 a 70 años;2014;1.137
01 Andalucía;De 61 a 70 años;2013;1.106
01 Andalucía;71 y más años;2022;825
01 Andalucía;71 y más años;2021;702
01 Andalucía;71 y más años;2020;528
01 Andalucía;71 y más años;2019;722
01 Andalucía;71 y más años;2018;695
01 Andalucía;71 y más años;2017;613
01 Andalucía;71 y más años;2016;520
01 Andalucía;71 y más años;2015;328
01 Andalucía;71 y más años;2014;283
01 Andalucía;71 y más años;2013;270
02 Aragón;Total ;2022;10.470
02 Aragón;Total ;2021;10.063
02 Aragón;Total ;2020;7.672
02 Aragón;Total ;2019;9.595
02 Aragón;Total ;2018;9.266
02 Aragón;Total ;2017;9.253
02 Aragón;Total ;2016;8.900
02 Aragón;Total ;2015;6.891
02 Aragón;Total ;2014;6.358
02 Aragón;Total ;2013;6.116
02 Aragón;De 18 a 20 años;2022;996
02 Aragón;De 18 a 20 años;2021;1.037
02 Aragón;De 18 a 20 años;2020;770
02 Aragón;De 18 a 20 años;2019;846
02 Aragón;De 18 a 20 años;2018;850
02 Aragón;De 18 a 20 años;2017;860
02 Aragón;De 18 a 20 años;2016;832
02 Aragón;De 18 a 20 años;2015;706
02 Aragón;De 18 a 20 años;2014;553
02 Aragón;De 18 a 20 años;2013;456
02 Aragón;De 21 a 25 años;2022;1.372
02 Aragón;De 21 a 25 años;2021;1.445
02 Aragón;De 21 a 25 años;2020;1.011
02 Aragón;De 21 a 25 años;2019;1.350
02 Aragón;De 21 a 25 años;2018;1.290
02 Aragón;De 21 a 25 años;2017;1.333
02 Aragón;De 21 a 25 años;2016;1.268
02 Aragón;De 21 a 25 años;2015;965
02 Aragón;De 21 a 25 años;2014;915
02 Aragón;De 21 a 25 años;2013;917
02 Aragón;De 26 a 30 años;2022;1.493
02 Aragón;De 26 a 30 años;2021;1.356
02 Aragón;De 26 a 30 años;2020;1.051
02 Aragón;De 26 a 30 años;2019;1.286
02 Aragón;De 26 a 30 años;2018;1.231
02 Aragón;De 26 a 30 años;2017;1.241
02 Aragón;De 26 a 30 años;2016;1.268
02 Aragón;De 26 a 30 años;2015;1.051
02 Aragón;De 26 a 30 años;2014;1.052
02 Aragón;De 26 a 30 años;2013;1.038
02 Aragón;De 31 a 35 años;2022;1.380
02 Aragón;De 31 a 35 años;2021;1.366
02 Aragón;De 31 a 35 años;2020;1.026
02 Aragón;De 31 a 35 años;2019;1.287
02 Aragón;De 31 a 35 años;2018;1.295
02 Aragón;De 31 a 35 años;2017;1.360
02 Aragón;De 31 a 35 años;2016;1.282
02 Aragón;De 31 a 35 años;2015;1.009
02 Aragón;De 31 a 35 años;2014;995
02 Aragón;De 31 a 35 años;2013;993
02 Aragón;De 36 a 40 años;2022;1.452
02 Aragón;De 36 a 40 años;2021;1.304
02 Aragón;De 36 a 40 años;2020;1.040
02 Aragón;De 36 a 40 años;2019;1.451
02 Aragón;De 36 a 40 años;2018;1.408
02 Aragón;De 36 a 40 años;2017;1.357
02 Aragón;De 36 a 40 años;2016;1.212
02 Aragón;De 36 a 40 años;2015;918
02 Aragón;De 36 a 40 años;2014;898
02 Aragón;De 36 a 40 años;2013;887
02 Aragón;De 41 a 50 años;2022;2.318
02 Aragón;De 41 a 50 años;2021;2.175
02 Aragón;De 41 a 50 años;2020;1.674
02 Aragón;De 41 a 50 años;2019;2.061
02 Aragón;De 41 a 50 años;2018;1.951
02 Aragón;De 41 a 50 años;2017;1.886
02 Aragón;De 41 a 50 años;2016;1.871
02 Aragón;De 41 a 50 años;2015;1.402
02 Aragón;De 41 a 50 años;2014;1.279
02 Aragón;De 41 a 50 años;2013;1.158
02 Aragón;De 51 a 60 años;2022;1.038
02 Aragón;De 51 a 60 años;2021;950
02 Aragón;De 51 a 60 años;2020;792
02 Aragón;De 51 a 60 años;2019;949
02 Aragón;De 51 a 60 años;2018;877
02 Aragón;De 51 a 60 años;2017;843
02 Aragón;De 51 a 60 años;2016;792
02 Aragón;De 51 a 60 años;2015;610
02 Aragón;De 51 a 60 años;2014;496
02 Aragón;De 51 a 60 años;2013;521
02 Aragón;De 61 a 70 años;2022;332
02 Aragón;De 61 a 70 años;2021;324
02 Aragón;De 61 a 70 años;2020;221
02 Aragón;De 61 a 70 años;2019;269
02 Aragón;De 61 a 70 años;2018;257
02 Aragón;De 61 a 70 años;2017;268
02 Aragón;De 61 a 70 años;2016;277
02 Aragón;De 61 a 70 años;2015;170
02 Aragón;De 61 a 70 años;2014;132
02 Aragón;De 61 a 70 años;2013;118
02 Aragón;71 y más años;2022;89
02 Aragón;71 y más años;2021;106
02 Aragón;71 y más años;2020;87
02 Aragón;71 y más años;2019;96
02 Aragón;71 y más años;2018;107
02 Aragón;71 y más años;2017;105
02 Aragón;71 y más años;2016;98
02 Aragón;71 y más años;2015;60
02 Aragón;71 y más años;2014;38
02 Aragón;71 y más años;2013;28
03 Asturias, Principado de;Total ;2022;8.963
03 Asturias, Principado de;Total ;2021;8.579
03 Asturias, Principado de;Total ;2020;6.570
03 Asturias, Principado de;Total ;2019;8.824
03 Asturias, Principado de;Total ;2018;9.032
03 Asturias, Principado de;Total ;2017;9.166
03 Asturias, Principado de;Total ;2016;8.656
03 Asturias, Principado de;Total ;2015;6.185
03 Asturias, Principado de;Total ;2014;6.196
03 Asturias, Principado de;Total ;2013;6.076
03 Asturias, Principado de;De 18 a 20 años;2022;635
03 Asturias, Principado de;De 18 a 20 años;2021;654
03 Asturias, Principado de;De 18 a 20 años;2020;496
03 Asturias, Principado de;De 18 a 20 años;2019;635
03 Asturias, Principado de;De 18 a 20 años;2018;690
03 Asturias, Principado de;De 18 a 20 años;2017;675
03 Asturias, Principado de;De 18 a 20 años;2016;677
03 Asturias, Principado de;De 18 a 20 años;2015;475
03 Asturias, Principado de;De 18 a 20 años;2014;426
03 Asturias, Principado de;De 18 a 20 años;2013;454
03 Asturias, Principado de;De 21 a 25 años;2022;950
03 Asturias, Principado de;De 21 a 25 años;2021;880
03 Asturias, Principado de;De 21 a 25 años;2020;725
03 Asturias, Principado de;De 21 a 25 años;2019;982
03 Asturias, Principado de;De 21 a 25 años;2018;1.077
03 Asturias, Principado de;De 21 a 25 años;2017;1.076
03 Asturias, Principado de;De 21 a 25 años;2016;1.045
03 Asturias, Principado de;De 21 a 25 años;2015;764
03 Asturias, Principado de;De 21 a 25 años;2014;753
03 Asturias, Principado de;De 21 a 25 años;2013;773
03 Asturias, Principado de;De 26 a 30 años;2022;963
03 Asturias, Principado de;De 26 a 30 años;2021;890
03 Asturias, Principado de;De 26 a 30 años;2020;751
03 Asturias, Principado de;De 26 a 30 años;2019;1.078
03 Asturias, Principado de;De 26 a 30 años;2018;1.105
03 Asturias, Principado de;De 26 a 30 años;2017;1.110
03 Asturias, Principado de;De 26 a 30 años;2016;1.075
03 Asturias, Principado de;De 26 a 30 años;2015;805
03 Asturias, Principado de;De 26 a 30 años;2014;830
03 Asturias, Principado de;De 26 a 30 años;2013;812
03 Asturias, Principado de;De 31 a 35 años;2022;1.151
03 Asturias, Principado de;De 31 a 35 años;2021;1.142
03 Asturias, Principado de;De 31 a 35 años;2020;916
03 Asturias, Principado de;De 31 a 35 años;2019;1.183
03 Asturias, Principado de;De 31 a 35 años;2018;1.215
03 Asturias, Principado de;De 31 a 35 años;2017;1.316
03 Asturias, Principado de;De 31 a 35 años;2016;1.188
03 Asturias, Principado de;De 31 a 35 años;2015;910
03 Asturias, Principado de;De 31 a 35 años;2014;929
03 Asturias, Principado de;De 31 a 35 años;2013;949
03 Asturias, Principado de;De 36 a 40 años;2022;1.306
03 Asturias, Principado de;De 36 a 40 años;2021;1.162
03 Asturias, Principado de;De 36 a 40 años;2020;843
03 Asturias, Principado de;De 36 a 40 años;2019;1.231
03 Asturias, Principado de;De 36 a 40 años;2018;1.232
03 Asturias, Principado de;De 36 a 40 años;2017;1.308
03 Asturias, Principado de;De 36 a 40 años;2016;1.258
03 Asturias, Principado de;De 36 a 40 años;2015;894
03 Asturias, Principado de;De 36 a 40 años;2014;854
03 Asturias, Principado de;De 36 a 40 años;2013;870
03 Asturias, Principado de;De 41 a 50 años;2022;2.200
03 Asturias, Principado de;De 41 a 50 años;2021;2.076
03 Asturias, Principado de;De 41 a 50 años;2020;1.582
03 Asturias, Principado de;De 41 a 50 años;2019;2.051
03 Asturias, Principado de;De 41 a 50 años;2018;2.104
03 Asturias, Principado de;De 41 a 50 años;2017;1.989
03 Asturias, Principado de;De 41 a 50 años;2016;1.924
03 Asturias, Principado de;De 41 a 50 años;2015;1.381
03 Asturias, Principado de;De 41 a 50 años;2014;1.386
03 Asturias, Principado de;De 41 a 50 años;2013;1.268
03 Asturias, Principado de;De 51 a 60 años;2022;1.162
03 Asturias, Principado de;De 51 a 60 años;2021;1.150
03 Asturias, Principado de;De 51 a 60 años;2020;835
03 Asturias, Principado de;De 51 a 60 años;2019;1.057
03 Asturias, Principado de;De 51 a 60 años;2018;1.042
03 Asturias, Principado de;De 51 a 60 años;2017;1.110
03 Asturias, Principado de;De 51 a 60 años;2016;1.030
03 Asturias, Principado de;De 51 a 60 años;2015;677
03 Asturias, Principado de;De 51 a 60 años;2014;731
03 Asturias, Principado de;De 51 a 60 años;2013;682
03 Asturias, Principado de;De 61 a 70 años;2022;447
03 Asturias, Principado de;De 61 a 70 años;2021;461
03 Asturias, Principado de;De 61 a 70 años;2020;313
03 Asturias, Principado de;De 61 a 70 años;2019;446
03 Asturias, Principado de;De 61 a 70 años;2018;417
03 Asturias, Principado de;De 61 a 70 años;2017;418
03 Asturias, Principado de;De 61 a 70 años;2016;345
03 Asturias, Principado de;De 61 a 70 años;2015;207
03 Asturias, Principado de;De 61 a 70 años;2014;222
03 Asturias, Principado de;De 61 a 70 años;2013;209
03 Asturias, Principado de;71 y más años;2022;149
03 Asturias, Principado de;71 y más años;2021;164
03 Asturias, Principado de;71 y más años;2020;109
03 Asturias, Principado de;71 y más años;2019;161
03 Asturias, Principado de;71 y más años;2018;150
03 Asturias, Principado de;71 y más años;2017;164
03 Asturias, Principado de;71 y más años;2016;114
03 Asturias, Principado de;71 y más años;2015;72
03 Asturias, Principado de;71 y más años;2014;65
03 Asturias, Principado de;71 y más años;2013;59
04 Balears, Illes;Total ;2022;12.756
04 Balears, Illes;Total ;2021;12.818
04 Balears, Illes;Total ;2020;8.875
04 Balears, Illes;Total ;2019;11.735
04 Balears, Illes;Total ;2018;11.285
04 Balears, Illes;Total ;2017;11.216
04 Balears, Illes;Total ;2016;10.237
04 Balears, Illes;Total ;2015;8.887
04 Balears, Illes;Total ;2014;9.176
04 Balears, Illes;Total ;2013;8.918
04 Balears, Illes;De 18 a 20 años;2022;976
04 Balears, Illes;De 18 a 20 años;2021;989
04 Balears, Illes;De 18 a 20 años;2020;660
04 Balears, Illes;De 18 a 20 años;2019;926
04 Balears, Illes;De 18 a 20 años;2018;920
04 Balears, Illes;De 18 a 20 años;2017;855
04 Balears, Illes;De 18 a 20 años;2016;689
04 Balears, Illes;De 18 a 20 años;2015;685
04 Balears, Illes;De 18 a 20 años;2014;647
04 Balears, Illes;De 18 a 20 años;2013;699
04 Balears, Illes;De 21 a 25 años;2022;1.733
04 Balears, Illes;De 21 a 25 años;2021;1.737
04 Balears, Illes;De 21 a 25 años;2020;1.188
04 Balears, Illes;De 21 a 25 años;2019;1.594
04 Balears, Illes;De 21 a 25 años;2018;1.582
04 Balears, Illes;De 21 a 25 años;2017;1.499
04 Balears, Illes;De 21 a 25 años;2016;1.384
04 Balears, Illes;De 21 a 25 años;2015;1.290
04 Balears, Illes;De 21 a 25 años;2014;1.349
04 Balears, Illes;De 21 a 25 años;2013;1.309
04 Balears, Illes;De 26 a 30 años;2022;1.715
04 Balears, Illes;De 26 a 30 años;2021;1.753
04 Balears, Illes;De 26 a 30 años;2020;1.253
04 Balears, Illes;De 26 a 30 años;2019;1.795
04 Balears, Illes;De 26 a 30 años;2018;1.643
04 Balears, Illes;De 26 a 30 años;2017;1.662
04 Balears, Illes;De 26 a 30 años;2016;1.620
04 Balears, Illes;De 26 a 30 años;2015;1.455
04 Balears, Illes;De 26 a 30 años;2014;1.449
04 Balears, Illes;De 26 a 30 años;2013;1.451
04 Balears, Illes;De 31 a 35 años;2022;1.933
04 Balears, Illes;De 31 a 35 años;2021;1.997
04 Balears, Illes;De 31 a 35 años;2020;1.410
04 Balears, Illes;De 31 a 35 años;2019;1.698
04 Balears, Illes;De 31 a 35 años;2018;1.716
04 Balears, Illes;De 31 a 35 años;2017;1.812
04 Balears, Illes;De 31 a 35 años;2016;1.675
04 Balears, Illes;De 31 a 35 años;2015;1.458
04 Balears, Illes;De 31 a 35 años;2014;1.502
04 Balears, Illes;De 31 a 35 años;2013;1.428
04 Balears, Illes;De 36 a 40 años;2022;1.886
04 Balears, Illes;De 36 a 40 años;2021;1.944
04 Balears, Illes;De 36 a 40 años;2020;1.287
04 Balears, Illes;De 36 a 40 años;2019;1.636
04 Balears, Illes;De 36 a 40 años;2018;1.644
04 Balears, Illes;De 36 a 40 años;2017;1.658
04 Balears, Illes;De 36 a 40 años;2016;1.452
04 Balears, Illes;De 36 a 40 años;2015;1.293
04 Balears, Illes;De 36 a 40 años;2014;1.339
04 Balears, Illes;De 36 a 40 años;2013;1.346
04 Balears, Illes;De 41 a 50 años;2022;2.770
04 Balears, Illes;De 41 a 50 años;2021;2.690
04 Balears, Illes;De 41 a 50 años;2020;1.932
04 Balears, Illes;De 41 a 50 años;2019;2.513
04 Balears, Illes;De 41 a 50 años;2018;2.372
04 Balears, Illes;De 41 a 50 años;2017;2.313
04 Balears, Illes;De 41 a 50 años;2016;2.196
04 Balears, Illes;De 41 a 50 años;2015;1.780
04 Balears, Illes;De 41 a 50 años;2014;1.870
04 Balears, Illes;De 41 a 50 años;2013;1.768
04 Balears, Illes;De 51 a 60 años;2022;1.215
04 Balears, Illes;De 51 a 60 años;2021;1.224
04 Balears, Illes;De 51 a 60 años;2020;812
04 Balears, Illes;De 51 a 60 años;2019;1.095
04 Balears, Illes;De 51 a 60 años;2018;1.021
04 Balears, Illes;De 51 a 60 años;2017;1.004
04 Balears, Illes;De 51 a 60 años;2016;887
04 Balears, Illes;De 51 a 60 años;2015;668
04 Balears, Illes;De 51 a 60 años;2014;746
04 Balears, Illes;De 51 a 60 años;2013;678
04 Balears, Illes;De 61 a 70 años;2022;400
04 Balears, Illes;De 61 a 70 años;2021;384
04 Balears, Illes;De 61 a 70 años;2020;272
04 Balears, Illes;De 61 a 70 años;2019;376
04 Balears, Illes;De 61 a 70 años;2018;307
04 Balears, Illes;De 61 a 70 años;2017;335
04 Balears, Illes;De 61 a 70 años;2016;252
04 Balears, Illes;De 61 a 70 años;2015;204
04 Balears, Illes;De 61 a 70 años;2014;227
04 Balears, Illes;De 61 a 70 años;2013;188
04 Balears, Illes;71 y más años;2022;128
04 Balears, Illes;71 y más años;2021;100
04 Balears, Illes;71 y más años;2020;61
04 Balears, Illes;71 y más años;2019;102
04 Balears, Illes;71 y más años;2018;80
04 Balears, Illes;71 y más años;2017;78
04 Balears, Illes;71 y más años;2016;82
04 Balears, Illes;71 y más años;2015;54
04 Balears, Illes;71 y más años;2014;47
04 Balears, Illes;71 y más años;2013;51
05 Canarias;Total ;2022;23.093
05 Canarias;Total ;2021;22.510
05 Canarias;Total ;2020;16.689
05 Canarias;Total ;2019;21.082
05 Canarias;Total ;2018;20.943
05 Canarias;Total ;2017;20.833
05 Canarias;Total ;2016;19.977
05 Canarias;Total ;2015;16.313
05 Canarias;Total ;2014;15.699
05 Canarias;Total ;2013;14.326
05 Canarias;De 18 a 20 años;2022;1.443
05 Canarias;De 18 a 20 años;2021;1.521
05 Canarias;De 18 a 20 años;2020;1.090
05 Canarias;De 18 a 20 años;2019;1.470
05 Canarias;De 18 a 20 años;2018;1.574
05 Canarias;De 18 a 20 años;2017;1.539
05 Canarias;De 18 a 20 años;2016;1.554
05 Canarias;De 18 a 20 años;2015;1.403
05 Canarias;De 18 a 20 años;2014;1.356
05 Canarias;De 18 a 20 años;2013;1.241
05 Canarias;De 21 a 25 años;2022;2.589
05 Canarias;De 21 a 25 años;2021;2.721
05 Canarias;De 21 a 25 años;2020;1.901
05 Canarias;De 21 a 25 años;2019;2.625
05 Canarias;De 21 a 25 años;2018;2.655
05 Canarias;De 21 a 25 años;2017;2.671
05 Canarias;De 21 a 25 años;2016;2.840
05 Canarias;De 21 a 25 años;2015;2.415
05 Canarias;De 21 a 25 años;2014;2.355
05 Canarias;De 21 a 25 años;2013;2.108
05 Canarias;De 26 a 30 años;2022;2.921
05 Canarias;De 26 a 30 años;2021;2.893
05 Canarias;De 26 a 30 años;2020;2.075
05 Canarias;De 26 a 30 años;2019;2.862
05 Canarias;De 26 a 30 años;2018;3.035
05 Canarias;De 26 a 30 años;2017;3.047
05 Canarias;De 26 a 30 años;2016;2.989
05 Canarias;De 26 a 30 años;2015;2.353
05 Canarias;De 26 a 30 años;2014;2.305
05 Canarias;De 26 a 30 años;2013;2.238
05 Canarias;De 31 a 35 años;2022;3.307
05 Canarias;De 31 a 35 años;2021;3.156
05 Canarias;De 31 a 35 años;2020;2.367
05 Canarias;De 31 a 35 años;2019;3.005
05 Canarias;De 31 a 35 años;2018;3.075
05 Canarias;De 31 a 35 años;2017;3.069
05 Canarias;De 31 a 35 años;2016;2.914
05 Canarias;De 31 a 35 años;2015;2.464
05 Canarias;De 31 a 35 años;2014;2.396
05 Canarias;De 31 a 35 años;2013;2.143
05 Canarias;De 36 a 40 años;2022;3.275
05 Canarias;De 36 a 40 años;2021;3.174
05 Canarias;De 36 a 40 años;2020;2.415
05 Canarias;De 36 a 40 años;2019;2.929
05 Canarias;De 36 a 40 años;2018;2.850
05 Canarias;De 36 a 40 años;2017;2.834
05 Canarias;De 36 a 40 años;2016;2.714
05 Canarias;De 36 a 40 años;2015;2.176
05 Canarias;De 36 a 40 años;2014;2.013
05 Canarias;De 36 a 40 años;2013;1.967
05 Canarias;De 41 a 50 años;2022;5.289
05 Canarias;De 41 a 50 años;2021;5.003
05 Canarias;De 41 a 50 años;2020;3.931
05 Canarias;De 41 a 50 años;2019;4.741
05 Canarias;De 41 a 50 años;2018;4.546
05 Canarias;De 41 a 50 años;2017;4.570
05 Canarias;De 41 a 50 años;2016;4.249
05 Canarias;De 41 a 50 años;2015;3.432
05 Canarias;De 41 a 50 años;2014;3.258
05 Canarias;De 41 a 50 años;2013;2.961
05 Canarias;De 51 a 60 años;2022;3.039
05 Canarias;De 51 a 60 años;2021;2.862
05 Canarias;De 51 a 60 años;2020;2.101
05 Canarias;De 51 a 60 años;2019;2.438
05 Canarias;De 51 a 60 años;2018;2.275
05 Canarias;De 51 a 60 años;2017;2.188
05 Canarias;De 51 a 60 años;2016;1.921
05 Canarias;De 51 a 60 años;2015;1.483
05 Canarias;De 51 a 60 años;2014;1.524
05 Canarias;De 51 a 60 años;2013;1.198
05 Canarias;De 61 a 70 años;2022;944
05 Canarias;De 61 a 70 años;2021;931
05 Canarias;De 61 a 70 años;2020;650
05 Canarias;De 61 a 70 años;2019;788
05 Canarias;De 61 a 70 años;2018;741
05 Canarias;De 61 a 70 años;2017;729
05 Canarias;De 61 a 70 años;2016;632
05 Canarias;De 61 a 70 años;2015;490
05 Canarias;De 61 a 70 años;2014;409
05 Canarias;De 61 a 70 años;2013;378
05 Canarias;71 y más años;2022;286
05 Canarias;71 y más años;2021;249
05 Canarias;71 y más años;2020;159
05 Canarias;71 y más años;2019;224
05 Canarias;71 y más años;2018;192
05 Canarias;71 y más años;2017;186
05 Canarias;71 y más años;2016;164
05 Canarias;71 y más años;2015;97
05 Canarias;71 y más años;2014;83
05 Canarias;71 y más años;2013;92
06 Cantabria;Total ;2022;5.530
06 Cantabria;Total ;2021;5.207
06 Cantabria;Total ;2020;4.129
06 Cantabria;Total ;2019;4.897
06 Cantabria;Total ;2018;4.903
06 Cantabria;Total ;2017;4.615
06 Cantabria;Total ;2016;4.623
06 Cantabria;Total ;2015;3.376
06 Cantabria;Total ;2014;3.368
06 Cantabria;Total ;2013;3.268
06 Cantabria;De 18 a 20 años;2022;420
06 Cantabria;De 18 a 20 años;2021;353
06 Cantabria;De 18 a 20 años;2020;362
06 Cantabria;De 18 a 20 años;2019;414
06 Cantabria;De 18 a 20 años;2018;434
06 Cantabria;De 18 a 20 años;2017;404
06 Cantabria;De 18 a 20 años;2016;443
06 Cantabria;De 18 a 20 años;2015;347
06 Cantabria;De 18 a 20 años;2014;280
06 Cantabria;De 18 a 20 años;2013;311
06 Cantabria;De 21 a 25 años;2022;711
06 Cantabria;De 21 a 25 años;2021;617
06 Cantabria;De 21 a 25 años;2020;496
06 Cantabria;De 21 a 25 años;2019;624
06 Cantabria;De 21 a 25 años;2018;650
06 Cantabria;De 21 a 25 años;2017;640
06 Cantabria;De 21 a 25 años;2016;654
06 Cantabria;De 21 a 25 años;2015;451
06 Cantabria;De 21 a 25 años;2014;521
06 Cantabria;De 21 a 25 años;2013;495
06 Cantabria;De 26 a 30 años;2022;693
06 Cantabria;De 26 a 30 años;2021;627
06 Cantabria;De 26 a 30 años;2020;487
06 Cantabria;De 26 a 30 años;2019;630
06 Cantabria;De 26 a 30 años;2018;655
06 Cantabria;De 26 a 30 años;2017;585
06 Cantabria;De 26 a 30 años;2016;584
06 Cantabria;De 26 a 30 años;2015;433
06 Cantabria;De 26 a 30 años;2014;488
06 Cantabria;De 26 a 30 años;2013;498
06 Cantabria;De 31 a 35 años;2022;684
06 Cantabria;De 31 a 35 años;2021;709
06 Cantabria;De 31 a 35 años;2020;526
06 Cantabria;De 31 a 35 años;2019;661
06 Cantabria;De 31 a 35 años;2018;652
06 Cantabria;De 31 a 35 años;2017;679
06 Cantabria;De 31 a 35 años;2016;700
06 Cantabria;De 31 a 35 años;2015;502
06 Cantabria;De 31 a 35 años;2014;525
06 Cantabria;De 31 a 35 años;2013;494
06 Cantabria;De 36 a 40 años;2022;761
06 Cantabria;De 36 a 40 años;2021;764
06 Cantabria;De 36 a 40 años;2020;598
06 Cantabria;De 36 a 40 años;2019;666
06 Cantabria;De 36 a 40 años;2018;674
06 Cantabria;De 36 a 40 años;2017;631
06 Cantabria;De 36 a 40 años;2016;603
06 Cantabria;De 36 a 40 años;2015;454
06 Cantabria;De 36 a 40 años;2014;454
06 Cantabria;De 36 a 40 años;2013;404
06 Cantabria;De 41 a 50 años;2022;1.279
06 Cantabria;De 41 a 50 años;2021;1.192
06 Cantabria;De 41 a 50 años;2020;920
06 Cantabria;De 41 a 50 años;2019;1.068
06 Cantabria;De 41 a 50 años;2018;1.109
06 Cantabria;De 41 a 50 años;2017;955
06 Cantabria;De 41 a 50 años;2016;941
06 Cantabria;De 41 a 50 años;2015;686
06 Cantabria;De 41 a 50 años;2014;672
06 Cantabria;De 41 a 50 años;2013;647
06 Cantabria;De 51 a 60 años;2022;647
06 Cantabria;De 51 a 60 años;2021;602
06 Cantabria;De 51 a 60 años;2020;488
06 Cantabria;De 51 a 60 años;2019;524
06 Cantabria;De 51 a 60 años;2018;474
06 Cantabria;De 51 a 60 años;2017;489
06 Cantabria;De 51 a 60 años;2016;477
06 Cantabria;De 51 a 60 años;2015;343
06 Cantabria;De 51 a 60 años;2014;311
06 Cantabria;De 51 a 60 años;2013;282
06 Cantabria;De 61 a 70 años;2022;237
06 Cantabria;De 61 a 70 años;2021;258
06 Cantabria;De 61 a 70 años;2020;199
06 Cantabria;De 61 a 70 años;2019;256
06 Cantabria;De 61 a 70 años;2018;190
06 Cantabria;De 61 a 70 años;2017;171
06 Cantabria;De 61 a 70 años;2016;172
06 Cantabria;De 61 a 70 años;2015;127
06 Cantabria;De 61 a 70 años;2014;93
06 Cantabria;De 61 a 70 años;2013;103
06 Cantabria;71 y más años;2022;98
06 Cantabria;71 y más años;2021;85
06 Cantabria;71 y más años;2020;53
06 Cantabria;71 y más años;2019;54
06 Cantabria;71 y más años;2018;65
06 Cantabria;71 y más años;2017;61
06 Cantabria;71 y más años;2016;49
06 Cantabria;71 y más años;2015;33
06 Cantabria;71 y más años;2014;24
06 Cantabria;71 y más años;2013;34
07 Castilla y León;Total ;2022;18.646
07 Castilla y León;Total ;2021;17.616
07 Castilla y León;Total ;2020;12.456
07 Castilla y León;Total ;2019;16.731
07 Castilla y León;Total ;2018;16.333
07 Castilla y León;Total ;2017;15.754
07 Castilla y León;Total ;2016;14.307
07 Castilla y León;Total ;2015;11.551
07 Castilla y León;Total ;2014;11.634
07 Castilla y León;Total ;2013;12.177
07 Castilla y León;De 18 a 20 años;2022;1.327
07 Castilla y León;De 18 a 20 años;2021;1.255
07 Castilla y León;De 18 a 20 años;2020;982
07 Castilla y León;De 18 a 20 años;2019;1.197
07 Castilla y León;De 18 a 20 años;2018;1.253
07 Castilla y León;De 18 a 20 años;2017;1.303
07 Castilla y León;De 18 a 20 años;2016;1.212
07 Castilla y León;De 18 a 20 años;2015;883
07 Castilla y León;De 18 a 20 años;2014;957
07 Castilla y León;De 18 a 20 años;2013;1.002
07 Castilla y León;De 21 a 25 años;2022;2.301
07 Castilla y León;De 21 a 25 años;2021;2.261
07 Castilla y León;De 21 a 25 años;2020;1.733
07 Castilla y León;De 21 a 25 años;2019;2.202
07 Castilla y León;De 21 a 25 años;2018;2.260
07 Castilla y León;De 21 a 25 años;2017;2.137
07 Castilla y León;De 21 a 25 años;2016;1.992
07 Castilla y León;De 21 a 25 años;2015;1.677
07 Castilla y León;De 21 a 25 años;2014;1.718
07 Castilla y León;De 21 a 25 años;2013;1.814
07 Castilla y León;De 26 a 30 años;2022;2.279
07 Castilla y León;De 26 a 30 años;2021;2.336
07 Castilla y León;De 26 a 30 años;2020;1.571
07 Castilla y León;De 26 a 30 años;2019;2.193
07 Castilla y León;De 26 a 30 años;2018;2.071
07 Castilla y León;De 26 a 30 años;2017;2.098
07 Castilla y León;De 26 a 30 años;2016;1.983
07 Castilla y León;De 26 a 30 años;2015;1.606
07 Castilla y León;De 26 a 30 años;2014;1.672
07 Castilla y León;De 26 a 30 años;2013;1.809
07 Castilla y León;De 31 a 35 años;2022;2.363
07 Castilla y León;De 31 a 35 años;2021;2.279
07 Castilla y León;De 31 a 35 años;2020;1.748
07 Castilla y León;De 31 a 35 años;2019;2.172
07 Castilla y León;De 31 a 35 años;2018;2.267
07 Castilla y León;De 31 a 35 años;2017;2.067
07 Castilla y León;De 31 a 35 años;2016;1.932
07 Castilla y León;De 31 a 35 años;2015;1.683
07 Castilla y León;De 31 a 35 años;2014;1.744
07 Castilla y León;De 31 a 35 años;2013;1.753
07 Castilla y León;De 36 a 40 años;2022;2.562
07 Castilla y León;De 36 a 40 años;2021;2.443
07 Castilla y León;De 36 a 40 años;2020;1.541
07 Castilla y León;De 36 a 40 años;2019;2.214
07 Castilla y León;De 36 a 40 años;2018;2.122
07 Castilla y León;De 36 a 40 años;2017;2.153
07 Castilla y León;De 36 a 40 años;2016;1.921
07 Castilla y León;De 36 a 40 años;2015;1.641
07 Castilla y León;De 36 a 40 años;2014;1.594
07 Castilla y León;De 36 a 40 años;2013;1.752
07 Castilla y León;De 41 a 50 años;2022;4.281
07 Castilla y León;De 41 a 50 años;2021;3.966
07 Castilla y León;De 41 a 50 años;2020;2.783
07 Castilla y León;De 41 a 50 años;2019;3.841
07 Castilla y León;De 41 a 50 años;2018;3.736
07 Castilla y León;De 41 a 50 años;2017;3.392
07 Castilla y León;De 41 a 50 años;2016;3.151
07 Castilla y León;De 41 a 50 años;2015;2.445
07 Castilla y León;De 41 a 50 años;2014;2.496
07 Castilla y León;De 41 a 50 años;2013;2.567
07 Castilla y León;De 51 a 60 años;2022;2.351
07 Castilla y León;De 51 a 60 años;2021;2.083
07 Castilla y León;De 51 a 60 años;2020;1.394
07 Castilla y León;De 51 a 60 años;2019;1.952
07 Castilla y León;De 51 a 60 años;2018;1.754
07 Castilla y León;De 51 a 60 años;2017;1.697
07 Castilla y León;De 51 a 60 años;2016;1.370
07 Castilla y León;De 51 a 60 años;2015;1.147
07 Castilla y León;De 51 a 60 años;2014;1.059
07 Castilla y León;De 51 a 60 años;2013;1.065
07 Castilla y León;De 61 a 70 años;2022;859
07 Castilla y León;De 61 a 70 años;2021;716
07 Castilla y León;De 61 a 70 años;2020;520
07 Castilla y León;De 61 a 70 años;2019;707
07 Castilla y León;De 61 a 70 años;2018;638
07 Castilla y León;De 61 a 70 años;2017;655
07 Castilla y León;De 61 a 70 años;2016;552
07 Castilla y León;De 61 a 70 años;2015;364
07 Castilla y León;De 61 a 70 años;2014;302
07 Castilla y León;De 61 a 70 años;2013;317
07 Castilla y León;71 y más años;2022;323
07 Castilla y León;71 y más años;2021;277
07 Castilla y León;71 y más años;2020;184
07 Castilla y León;71 y más años;2019;253
07 Castilla y León;71 y más años;2018;232
07 Castilla y León;71 y más años;2017;252
07 Castilla y León;71 y más años;2016;194
07 Castilla y León;71 y más años;2015;105
07 Castilla y León;71 y más años;2014;92
07 Castilla y León;71 y más años;2013;98
08 Castilla - La Mancha;Total ;2022;13.780
08 Castilla - La Mancha;Total ;2021;13.267
08 Castilla - La Mancha;Total ;2020;9.963
08 Castilla - La Mancha;Total ;2019;12.783
08 Castilla - La Mancha;Total ;2018;12.411
08 Castilla - La Mancha;Total ;2017;11.967
08 Castilla - La Mancha;Total ;2016;11.315
08 Castilla - La Mancha;Total ;2015;10.486
08 Castilla - La Mancha;Total ;2014;10.437
08 Castilla - La Mancha;Total ;2013;10.296
08 Castilla - La Mancha;De 18 a 20 años;2022;909
08 Castilla - La Mancha;De 18 a 20 años;2021;983
08 Castilla - La Mancha;De 18 a 20 años;2020;794
08 Castilla - La Mancha;De 18 a 20 años;2019;997
08 Castilla - La Mancha;De 18 a 20 años;2018;1.041
08 Castilla - La Mancha;De 18 a 20 años;2017;1.039
08 Castilla - La Mancha;De 18 a 20 años;2016;971
08 Castilla - La Mancha;De 18 a 20 años;2015;924
08 Castilla - La Mancha;De 18 a 20 años;2014;981
08 Castilla - La Mancha;De 18 a 20 años;2013;909
08 Castilla - La Mancha;De 21 a 25 años;2022;1.819
08 Castilla - La Mancha;De 21 a 25 años;2021;1.802
08 Castilla - La Mancha;De 21 a 25 años;2020;1.404
08 Castilla - La Mancha;De 21 a 25 años;2019;1.870
08 Castilla - La Mancha;De 21 a 25 años;2018;1.878
08 Castilla - La Mancha;De 21 a 25 años;2017;1.873
08 Castilla - La Mancha;De 21 a 25 años;2016;1.776
08 Castilla - La Mancha;De 21 a 25 años;2015;1.676
08 Castilla - La Mancha;De 21 a 25 años;2014;1.650
08 Castilla - La Mancha;De 21 a 25 años;2013;1.661
08 Castilla - La Mancha;De 26 a 30 años;2022;1.952
08 Castilla - La Mancha;De 26 a 30 años;2021;1.970
08 Castilla - La Mancha;De 26 a 30 años;2020;1.395
08 Castilla - La Mancha;De 26 a 30 años;2019;1.891
08 Castilla - La Mancha;De 26 a 30 años;2018;1.820
08 Castilla - La Mancha;De 26 a 30 años;2017;1.712
08 Castilla - La Mancha;De 26 a 30 años;2016;1.693
08 Castilla - La Mancha;De 26 a 30 años;2015;1.640
08 Castilla - La Mancha;De 26 a 30 años;2014;1.593
08 Castilla - La Mancha;De 26 a 30 años;2013;1.615
08 Castilla - La Mancha;De 31 a 35 años;2022;1.984
08 Castilla - La Mancha;De 31 a 35 años;2021;1.857
08 Castilla - La Mancha;De 31 a 35 años;2020;1.431
08 Castilla - La Mancha;De 31 a 35 años;2019;1.747
08 Castilla - La Mancha;De 31 a 35 años;2018;1.752
08 Castilla - La Mancha;De 31 a 35 años;2017;1.717
08 Castilla - La Mancha;De 31 a 35 años;2016;1.601
08 Castilla - La Mancha;De 31 a 35 años;2015;1.682
08 Castilla - La Mancha;De 31 a 35 años;2014;1.614
08 Castilla - La Mancha;De 31 a 35 años;2013;1.629
08 Castilla - La Mancha;De 36 a 40 años;2022;1.966
08 Castilla - La Mancha;De 36 a 40 años;2021;1.830
08 Castilla - La Mancha;De 36 a 40 años;2020;1.370
08 Castilla - La Mancha;De 36 a 40 años;2019;1.778
08 Castilla - La Mancha;De 36 a 40 años;2018;1.633
08 Castilla - La Mancha;De 36 a 40 años;2017;1.672
08 Castilla - La Mancha;De 36 a 40 años;2016;1.607
08 Castilla - La Mancha;De 36 a 40 años;2015;1.377
08 Castilla - La Mancha;De 36 a 40 años;2014;1.471
08 Castilla - La Mancha;De 36 a 40 años;2013;1.462
08 Castilla - La Mancha;De 41 a 50 años;2022;3.027
08 Castilla - La Mancha;De 41 a 50 años;2021;2.886
08 Castilla - La Mancha;De 41 a 50 años;2020;2.166
08 Castilla - La Mancha;De 41 a 50 años;2019;2.734
08 Castilla - La Mancha;De 41 a 50 años;2018;2.621
08 Castilla - La Mancha;De 41 a 50 años;2017;2.479
08 Castilla - La Mancha;De 41 a 50 años;2016;2.346
08 Castilla - La Mancha;De 41 a 50 años;2015;2.021
08 Castilla - La Mancha;De 41 a 50 años;2014;2.048
08 Castilla - La Mancha;De 41 a 50 años;2013;2.033
08 Castilla - La Mancha;De 51 a 60 años;2022;1.524
08 Castilla - La Mancha;De 51 a 60 años;2021;1.374
08 Castilla - La Mancha;De 51 a 60 años;2020;1.026
08 Castilla - La Mancha;De 51 a 60 años;2019;1.288
08 Castilla - La Mancha;De 51 a 60 años;2018;1.186
08 Castilla - La Mancha;De 51 a 60 años;2017;1.029
08 Castilla - La Mancha;De 51 a 60 años;2016;947
08 Castilla - La Mancha;De 51 a 60 años;2015;885
08 Castilla - La Mancha;De 51 a 60 años;2014;800
08 Castilla - La Mancha;De 51 a 60 años;2013;761
08 Castilla - La Mancha;De 61 a 70 años;2022;451
08 Castilla - La Mancha;De 61 a 70 años;2021;434
08 Castilla - La Mancha;De 61 a 70 años;2020;299
08 Castilla - La Mancha;De 61 a 70 años;2019;353
08 Castilla - La Mancha;De 61 a 70 años;2018;354
08 Castilla - La Mancha;De 61 a 70 años;2017;338
08 Castilla - La Mancha;De 61 a 70 años;2016;286
08 Castilla - La Mancha;De 61 a 70 años;2015;220
08 Castilla - La Mancha;De 61 a 70 años;2014;231
08 Castilla - La Mancha;De 61 a 70 años;2013;188
08 Castilla - La Mancha;71 y más años;2022;148
08 Castilla - La Mancha;71 y más años;2021;131
08 Castilla - La Mancha;71 y más años;2020;78
08 Castilla - La Mancha;71 y más años;2019;125
08 Castilla - La Mancha;71 y más años;2018;126
08 Castilla - La Mancha;71 y más años;2017;108
08 Castilla - La Mancha;71 y más años;2016;88
08 Castilla - La Mancha;71 y más años;2015;61
08 Castilla - La Mancha;71 y más años;2014;49
08 Castilla - La Mancha;71 y más años;2013;38
09 Cataluña;Total ;2022;71.286
09 Cataluña;Total ;2021;66.985
09 Cataluña;Total ;2020;51.968
09 Cataluña;Total ;2019;71.655
09 Cataluña;Total ;2018;67.929
09 Cataluña;Total ;2017;65.198
09 Cataluña;Total ;2016;60.760
09 Cataluña;Total ;2015;46.131
09 Cataluña;Total ;2014;41.858
09 Cataluña;Total ;2013;40.388
09 Cataluña;De 18 a 20 años;2022;7.037
09 Cataluña;De 18 a 20 años;2021;6.749
09 Cataluña;De 18 a 20 años;2020;5.371
09 Cataluña;De 18 a 20 años;2019;7.799
09 Cataluña;De 18 a 20 años;2018;6.623
09 Cataluña;De 18 a 20 años;2017;6.654
09 Cataluña;De 18 a 20 años;2016;6.238
09 Cataluña;De 18 a 20 años;2015;4.347
09 Cataluña;De 18 a 20 años;2014;3.727
09 Cataluña;De 18 a 20 años;2013;3.744
09 Cataluña;De 21 a 25 años;2022;11.207
09 Cataluña;De 21 a 25 años;2021;10.160
09 Cataluña;De 21 a 25 años;2020;8.132
09 Cataluña;De 21 a 25 años;2019;11.371
09 Cataluña;De 21 a 25 años;2018;10.572
09 Cataluña;De 21 a 25 años;2017;10.225
09 Cataluña;De 21 a 25 años;2016;9.730
09 Cataluña;De 21 a 25 años;2015;7.376
09 Cataluña;De 21 a 25 años;2014;6.847
09 Cataluña;De 21 a 25 años;2013;6.541
09 Cataluña;De 26 a 30 años;2022;10.334
09 Cataluña;De 26 a 30 años;2021;10.066
09 Cataluña;De 26 a 30 años;2020;7.733
09 Cataluña;De 26 a 30 años;2019;11.048
09 Cataluña;De 26 a 30 años;2018;10.446
09 Cataluña;De 26 a 30 años;2017;9.814
09 Cataluña;De 26 a 30 años;2016;9.399
09 Cataluña;De 26 a 30 años;2015;7.396
09 Cataluña;De 26 a 30 años;2014;6.913
09 Cataluña;De 26 a 30 años;2013;6.777
09 Cataluña;De 31 a 35 años;2022;10.089
09 Cataluña;De 31 a 35 años;2021;9.414
09 Cataluña;De 31 a 35 años;2020;7.513
09 Cataluña;De 31 a 35 años;2019;10.599
09 Cataluña;De 31 a 35 años;2018;10.745
09 Cataluña;De 31 a 35 años;2017;10.241
09 Cataluña;De 31 a 35 años;2016;9.438
09 Cataluña;De 31 a 35 años;2015;7.523
09 Cataluña;De 31 a 35 años;2014;7.020
09 Cataluña;De 31 a 35 años;2013;6.860
09 Cataluña;De 36 a 40 años;2022;9.647
09 Cataluña;De 36 a 40 años;2021;9.336
09 Cataluña;De 36 a 40 años;2020;7.376
09 Cataluña;De 36 a 40 años;2019;9.971
09 Cataluña;De 36 a 40 años;2018;9.789
09 Cataluña;De 36 a 40 años;2017;9.287
09 Cataluña;De 36 a 40 años;2016;8.522
09 Cataluña;De 36 a 40 años;2015;6.612
09 Cataluña;De 36 a 40 años;2014;6.035
09 Cataluña;De 36 a 40 años;2013;5.764
09 Cataluña;De 41 a 50 años;2022;14.817
09 Cataluña;De 41 a 50 años;2021;13.648
09 Cataluña;De 41 a 50 años;2020;10.295
09 Cataluña;De 41 a 50 años;2019;13.567
09 Cataluña;De 41 a 50 años;2018;12.814
09 Cataluña;De 41 a 50 años;2017;12.244
09 Cataluña;De 41 a 50 años;2016;11.157
09 Cataluña;De 41 a 50 años;2015;8.538
09 Cataluña;De 41 a 50 años;2014;7.592
09 Cataluña;De 41 a 50 años;2013;7.063
09 Cataluña;De 51 a 60 años;2022;6.035
09 Cataluña;De 51 a 60 años;2021;5.556
09 Cataluña;De 51 a 60 años;2020;4.122
09 Cataluña;De 51 a 60 años;2019;5.283
09 Cataluña;De 51 a 60 años;2018;5.076
09 Cataluña;De 51 a 60 años;2017;4.724
09 Cataluña;De 51 a 60 años;2016;4.480
09 Cataluña;De 51 a 60 años;2015;3.189
09 Cataluña;De 51 a 60 años;2014;2.731
09 Cataluña;De 51 a 60 años;2013;2.692
09 Cataluña;De 61 a 70 años;2022;1.597
09 Cataluña;De 61 a 70 años;2021;1.585
09 Cataluña;De 61 a 70 años;2020;1.091
09 Cataluña;De 61 a 70 años;2019;1.514
09 Cataluña;De 61 a 70 años;2018;1.392
09 Cataluña;De 61 a 70 años;2017;1.521
09 Cataluña;De 61 a 70 años;2016;1.376
09 Cataluña;De 61 a 70 años;2015;931
09 Cataluña;De 61 a 70 años;2014;797
09 Cataluña;De 61 a 70 años;2013;779
09 Cataluña;71 y más años;2022;523
09 Cataluña;71 y más años;2021;471
09 Cataluña;71 y más años;2020;335
09 Cataluña;71 y más años;2019;503
09 Cataluña;71 y más años;2018;472
09 Cataluña;71 y más años;2017;488
09 Cataluña;71 y más años;2016;420
09 Cataluña;71 y más años;2015;219
09 Cataluña;71 y más años;2014;196
09 Cataluña;71 y más años;2013;168
10 Comunitat Valenciana;Total ;2022;53.263
10 Comunitat Valenciana;Total ;2021;50.917
10 Comunitat Valenciana;Total ;2020;40.621
10 Comunitat Valenciana;Total ;2019;53.383
10 Comunitat Valenciana;Total ;2018;52.000
10 Comunitat Valenciana;Total ;2017;49.195
10 Comunitat Valenciana;Total ;2016;44.695
10 Comunitat Valenciana;Total ;2015;35.555
10 Comunitat Valenciana;Total ;2014;34.821
10 Comunitat Valenciana;Total ;2013;33.638
10 Comunitat Valenciana;De 18 a 20 años;2022;4.031
10 Comunitat Valenciana;De 18 a 20 años;2021;3.988
10 Comunitat Valenciana;De 18 a 20 años;2020;3.317
10 Comunitat Valenciana;De 18 a 20 años;2019;4.524
10 Comunitat Valenciana;De 18 a 20 años;2018;4.422
10 Comunitat Valenciana;De 18 a 20 años;2017;4.368
10 Comunitat Valenciana;De 18 a 20 años;2016;3.917
10 Comunitat Valenciana;De 18 a 20 años;2015;2.992
10 Comunitat Valenciana;De 18 a 20 años;2014;2.873
10 Comunitat Valenciana;De 18 a 20 años;2013;2.905
10 Comunitat Valenciana;De 21 a 25 años;2022;6.874
10 Comunitat Valenciana;De 21 a 25 años;2021;6.560
10 Comunitat Valenciana;De 21 a 25 años;2020;5.386
10 Comunitat Valenciana;De 21 a 25 años;2019;7.260
10 Comunitat Valenciana;De 21 a 25 años;2018;7.218
10 Comunitat Valenciana;De 21 a 25 años;2017;6.868
10 Comunitat Valenciana;De 21 a 25 años;2016;6.280
10 Comunitat Valenciana;De 21 a 25 años;2015;5.184
10 Comunitat Valenciana;De 21 a 25 años;2014;5.247
10 Comunitat Valenciana;De 21 a 25 años;2013;5.133
10 Comunitat Valenciana;De 26 a 30 años;2022;7.055
10 Comunitat Valenciana;De 26 a 30 años;2021;6.483
10 Comunitat Valenciana;De 26 a 30 años;2020;5.204
10 Comunitat Valenciana;De 26 a 30 años;2019;7.005
10 Comunitat Valenciana;De 26 a 30 años;2018;6.941
10 Comunitat Valenciana;De 26 a 30 años;2017;6.755
10 Comunitat Valenciana;De 26 a 30 años;2016;6.450
10 Comunitat Valenciana;De 26 a 30 años;2015;5.271
10 Comunitat Valenciana;De 26 a 30 años;2014;5.293
10 Comunitat Valenciana;De 26 a 30 años;2013;5.204
10 Comunitat Valenciana;De 31 a 35 años;2022;7.519
10 Comunitat Valenciana;De 31 a 35 años;2021;7.101
10 Comunitat Valenciana;De 31 a 35 años;2020;5.722
10 Comunitat Valenciana;De 31 a 35 años;2019;7.672
10 Comunitat Valenciana;De 31 a 35 años;2018;7.558
10 Comunitat Valenciana;De 31 a 35 años;2017;7.118
10 Comunitat Valenciana;De 31 a 35 años;2016;6.715
10 Comunitat Valenciana;De 31 a 35 años;2015;5.694
10 Comunitat Valenciana;De 31 a 35 años;2014;5.699
10 Comunitat Valenciana;De 31 a 35 años;2013;5.610
10 Comunitat Valenciana;De 36 a 40 años;2022;7.355
10 Comunitat Valenciana;De 36 a 40 años;2021;7.423
10 Comunitat Valenciana;De 36 a 40 años;2020;6.036
10 Comunitat Valenciana;De 36 a 40 años;2019;7.860
10 Comunitat Valenciana;De 36 a 40 años;2018;7.888
10 Comunitat Valenciana;De 36 a 40 años;2017;7.482
10 Comunitat Valenciana;De 36 a 40 años;2016;6.611
10 Comunitat Valenciana;De 36 a 40 años;2015;5.351
10 Comunitat Valenciana;De 36 a 40 años;2014;5.113
10 Comunitat Valenciana;De 36 a 40 años;2013;4.835
10 Comunitat Valenciana;De 41 a 50 años;2022;12.596
10 Comunitat Valenciana;De 41 a 50 años;2021;11.936
10 Comunitat Valenciana;De 41 a 50 años;2020;9.211
10 Comunitat Valenciana;De 41 a 50 años;2019;11.790
10 Comunitat Valenciana;De 41 a 50 años;2018;11.176
10 Comunitat Valenciana;De 41 a 50 años;2017;10.338
10 Comunitat Valenciana;De 41 a 50 años;2016;9.404
10 Comunitat Valenciana;De 41 a 50 años;2015;7.238
10 Comunitat Valenciana;De 41 a 50 años;2014;7.019
10 Comunitat Valenciana;De 41 a 50 años;2013;6.654
10 Comunitat Valenciana;De 51 a 60 años;2022;5.540
10 Comunitat Valenciana;De 51 a 60 años;2021;5.329
10 Comunitat Valenciana;De 51 a 60 años;2020;4.127
10 Comunitat Valenciana;De 51 a 60 años;2019;5.054
10 Comunitat Valenciana;De 51 a 60 años;2018;4.760
10 Comunitat Valenciana;De 51 a 60 años;2017;4.456
10 Comunitat Valenciana;De 51 a 60 años;2016;3.790
10 Comunitat Valenciana;De 51 a 60 años;2015;2.735
10 Comunitat Valenciana;De 51 a 60 años;2014;2.632
10 Comunitat Valenciana;De 51 a 60 años;2013;2.435
10 Comunitat Valenciana;De 61 a 70 años;2022;1.741
10 Comunitat Valenciana;De 61 a 70 años;2021;1.578
10 Comunitat Valenciana;De 61 a 70 años;2020;1.236
10 Comunitat Valenciana;De 61 a 70 años;2019;1.730
10 Comunitat Valenciana;De 61 a 70 años;2018;1.544
10 Comunitat Valenciana;De 61 a 70 años;2017;1.355
10 Comunitat Valenciana;De 61 a 70 años;2016;1.147
10 Comunitat Valenciana;De 61 a 70 años;2015;874
10 Comunitat Valenciana;De 61 a 70 años;2014;771
10 Comunitat Valenciana;De 61 a 70 años;2013;683
10 Comunitat Valenciana;71 y más años;2022;552
10 Comunitat Valenciana;71 y más años;2021;519
10 Comunitat Valenciana;71 y más años;2020;382
10 Comunitat Valenciana;71 y más años;2019;488
10 Comunitat Valenciana;71 y más años;2018;493
10 Comunitat Valenciana;71 y más años;2017;455
10 Comunitat Valenciana;71 y más años;2016;381
10 Comunitat Valenciana;71 y más años;2015;216
10 Comunitat Valenciana;71 y más años;2014;174
10 Comunitat Valenciana;71 y más años;2013;179
11 Extremadura;Total ;2022;8.484
11 Extremadura;Total ;2021;8.327
11 Extremadura;Total ;2020;6.115
11 Extremadura;Total ;2019;7.014
11 Extremadura;Total ;2018;7.261
11 Extremadura;Total ;2017;7.590
11 Extremadura;Total ;2016;7.659
11 Extremadura;Total ;2015;7.000
11 Extremadura;Total ;2014;6.392
11 Extremadura;Total ;2013;6.213
11 Extremadura;De 18 a 20 años;2022;489
11 Extremadura;De 18 a 20 años;2021;618
11 Extremadura;De 18 a 20 años;2020;387
11 Extremadura;De 18 a 20 años;2019;489
11 Extremadura;De 18 a 20 años;2018;574
11 Extremadura;De 18 a 20 años;2017;655
11 Extremadura;De 18 a 20 años;2016;663
11 Extremadura;De 18 a 20 años;2015;608
11 Extremadura;De 18 a 20 años;2014;599
11 Extremadura;De 18 a 20 años;2013;550
11 Extremadura;De 21 a 25 años;2022;1.021
11 Extremadura;De 21 a 25 años;2021;943
11 Extremadura;De 21 a 25 años;2020;702
11 Extremadura;De 21 a 25 años;2019;934
11 Extremadura;De 21 a 25 años;2018;1.033
11 Extremadura;De 21 a 25 años;2017;1.082
11 Extremadura;De 21 a 25 años;2016;1.051
11 Extremadura;De 21 a 25 años;2015;1.083
11 Extremadura;De 21 a 25 años;2014;990
11 Extremadura;De 21 a 25 años;2013;962
11 Extremadura;De 26 a 30 años;2022;1.094
11 Extremadura;De 26 a 30 años;2021;1.059
11 Extremadura;De 26 a 30 años;2020;798
11 Extremadura;De 26 a 30 años;2019;951
11 Extremadura;De 26 a 30 años;2018;1.021
11 Extremadura;De 26 a 30 años;2017;1.065
11 Extremadura;De 26 a 30 años;2016;1.077
11 Extremadura;De 26 a 30 años;2015;1.034
11 Extremadura;De 26 a 30 años;2014;945
11 Extremadura;De 26 a 30 años;2013;910
11 Extremadura;De 31 a 35 años;2022;1.140
11 Extremadura;De 31 a 35 años;2021;1.103
11 Extremadura;De 31 a 35 años;2020;824
11 Extremadura;De 31 a 35 años;2019;972
11 Extremadura;De 31 a 35 años;2018;916
11 Extremadura;De 31 a 35 años;2017;911
11 Extremadura;De 31 a 35 años;2016;1.047
11 Extremadura;De 31 a 35 años;2015;952
11 Extremadura;De 31 a 35 años;2014;899
11 Extremadura;De 31 a 35 años;2013;846
11 Extremadura;De 36 a 40 años;2022;1.153
11 Extremadura;De 36 a 40 años;2021;1.092
11 Extremadura;De 36 a 40 años;2020;830
11 Extremadura;De 36 a 40 años;2019;924
11 Extremadura;De 36 a 40 años;2018;944
11 Extremadura;De 36 a 40 años;2017;1.037
11 Extremadura;De 36 a 40 años;2016;1.014
11 Extremadura;De 36 a 40 años;2015;948
11 Extremadura;De 36 a 40 años;2014;846
11 Extremadura;De 36 a 40 años;2013;855
11 Extremadura;De 41 a 50 años;2022;1.947
11 Extremadura;De 41 a 50 años;2021;1.944
11 Extremadura;De 41 a 50 años;2020;1.437
11 Extremadura;De 41 a 50 años;2019;1.518
11 Extremadura;De 41 a 50 años;2018;1.556
11 Extremadura;De 41 a 50 años;2017;1.647
11 Extremadura;De 41 a 50 años;2016;1.678
11 Extremadura;De 41 a 50 años;2015;1.427
11 Extremadura;De 41 a 50 años;2014;1.334
11 Extremadura;De 41 a 50 años;2013;1.351
11 Extremadura;De 51 a 60 años;2022;1.147
11 Extremadura;De 51 a 60 años;2021;1.098
11 Extremadura;De 51 a 60 años;2020;796
11 Extremadura;De 51 a 60 años;2019;844
11 Extremadura;De 51 a 60 años;2018;846
11 Extremadura;De 51 a 60 años;2017;826
11 Extremadura;De 51 a 60 años;2016;784
11 Extremadura;De 51 a 60 años;2015;679
11 Extremadura;De 51 a 60 años;2014;596
11 Extremadura;De 51 a 60 años;2013;535
11 Extremadura;De 61 a 70 años;2022;375
11 Extremadura;De 61 a 70 años;2021;356
11 Extremadura;De 61 a 70 años;2020;243
11 Extremadura;De 61 a 70 años;2019;302
11 Extremadura;De 61 a 70 años;2018;298
11 Extremadura;De 61 a 70 años;2017;303
11 Extremadura;De 61 a 70 años;2016;268
11 Extremadura;De 61 a 70 años;2015;212
11 Extremadura;De 61 a 70 años;2014;147
11 Extremadura;De 61 a 70 años;2013;168
11 Extremadura;71 y más años;2022;118
11 Extremadura;71 y más años;2021;114
11 Extremadura;71 y más años;2020;98
11 Extremadura;71 y más años;2019;80
11 Extremadura;71 y más años;2018;73
11 Extremadura;71 y más años;2017;64
11 Extremadura;71 y más años;2016;77
11 Extremadura;71 y más años;2015;57
11 Extremadura;71 y más años;2014;36
11 Extremadura;71 y más años;2013;36
12 Galicia;Total ;2022;20.580
12 Galicia;Total ;2021;20.500
12 Galicia;Total ;2020;15.575
12 Galicia;Total ;2019;19.919
12 Galicia;Total ;2018;17.038
12 Galicia;Total ;2017;19.947
12 Galicia;Total ;2016;18.469
12 Galicia;Total ;2015;16.079
12 Galicia;Total ;2014;15.549
12 Galicia;Total ;2013;15.386
12 Galicia;De 18 a 20 años;2022;1.142
12 Galicia;De 18 a 20 años;2021;1.178
12 Galicia;De 18 a 20 años;2020;917
12 Galicia;De 18 a 20 años;2019;1.289
12 Galicia;De 18 a 20 años;2018;1.037
12 Galicia;De 18 a 20 años;2017;1.507
12 Galicia;De 18 a 20 años;2016;1.332
12 Galicia;De 18 a 20 años;2015;1.118
12 Galicia;De 18 a 20 años;2014;1.034
12 Galicia;De 18 a 20 años;2013;1.145
12 Galicia;De 21 a 25 años;2022;2.165
12 Galicia;De 21 a 25 años;2021;2.126
12 Galicia;De 21 a 25 años;2020;1.748
12 Galicia;De 21 a 25 años;2019;2.344
12 Galicia;De 21 a 25 años;2018;1.988
12 Galicia;De 21 a 25 años;2017;2.686
12 Galicia;De 21 a 25 años;2016;2.508
12 Galicia;De 21 a 25 años;2015;2.089
12 Galicia;De 21 a 25 años;2014;2.150
12 Galicia;De 21 a 25 años;2013;2.152
12 Galicia;De 26 a 30 años;2022;2.486
12 Galicia;De 26 a 30 años;2021;2.719
12 Galicia;De 26 a 30 años;2020;2.002
12 Galicia;De 26 a 30 años;2019;2.469
12 Galicia;De 26 a 30 años;2018;2.053
12 Galicia;De 26 a 30 años;2017;2.528
12 Galicia;De 26 a 30 años;2016;2.501
12 Galicia;De 26 a 30 años;2015;2.278
12 Galicia;De 26 a 30 años;2014;2.209
12 Galicia;De 26 a 30 años;2013;2.200
12 Galicia;De 31 a 35 años;2022;2.858
12 Galicia;De 31 a 35 años;2021;2.763
12 Galicia;De 31 a 35 años;2020;2.061
12 Galicia;De 31 a 35 años;2019;2.672
12 Galicia;De 31 a 35 años;2018;2.508
12 Galicia;De 31 a 35 años;2017;2.745
12 Galicia;De 31 a 35 años;2016;2.590
12 Galicia;De 31 a 35 años;2015;2.376
12 Galicia;De 31 a 35 años;2014;2.261
12 Galicia;De 31 a 35 años;2013;2.134
12 Galicia;De 36 a 40 años;2022;2.934
12 Galicia;De 36 a 40 años;2021;2.891
12 Galicia;De 36 a 40 años;2020;2.184
12 Galicia;De 36 a 40 años;2019;2.811
12 Galicia;De 36 a 40 años;2018;2.384
12 Galicia;De 36 a 40 años;2017;2.752
12 Galicia;De 36 a 40 años;2016;2.644
12 Galicia;De 36 a 40 años;2015;2.286
12 Galicia;De 36 a 40 años;2014;2.213
12 Galicia;De 36 a 40 años;2013;2.136
12 Galicia;De 41 a 50 años;2022;4.900
12 Galicia;De 41 a 50 años;2021;4.937
12 Galicia;De 41 a 50 años;2020;3.723
12 Galicia;De 41 a 50 años;2019;4.658
12 Galicia;De 41 a 50 años;2018;3.965
12 Galicia;De 41 a 50 años;2017;4.352
12 Galicia;De 41 a 50 años;2016;3.939
12 Galicia;De 41 a 50 años;2015;3.476
12 Galicia;De 41 a 50 años;2014;3.297
12 Galicia;De 41 a 50 años;2013;3.345
12 Galicia;De 51 a 60 años;2022;2.765
12 Galicia;De 51 a 60 años;2021;2.549
12 Galicia;De 51 a 60 años;2020;1.898
12 Galicia;De 51 a 60 años;2019;2.370
12 Galicia;De 51 a 60 años;2018;1.965
12 Galicia;De 51 a 60 años;2017;2.205
12 Galicia;De 51 a 60 años;2016;1.952
12 Galicia;De 51 a 60 años;2015;1.702
12 Galicia;De 51 a 60 años;2014;1.655
12 Galicia;De 51 a 60 años;2013;1.626
12 Galicia;De 61 a 70 años;2022;960
12 Galicia;De 61 a 70 años;2021;964
12 Galicia;De 61 a 70 años;2020;756
12 Galicia;De 61 a 70 años;2019;928
12 Galicia;De 61 a 70 años;2018;841
12 Galicia;De 61 a 70 años;2017;879
12 Galicia;De 61 a 70 años;2016;758
12 Galicia;De 61 a 70 años;2015;574
12 Galicia;De 61 a 70 años;2014;553
12 Galicia;De 61 a 70 años;2013;490
12 Galicia;71 y más años;2022;370
12 Galicia;71 y más años;2021;373
12 Galicia;71 y más años;2020;286
12 Galicia;71 y más años;2019;378
12 Galicia;71 y más años;2018;297
12 Galicia;71 y más años;2017;293
12 Galicia;71 y más años;2016;245
12 Galicia;71 y más años;2015;180
12 Galicia;71 y más años;2014;177
12 Galicia;71 y más años;2013;158
13 Madrid, Comunidad de;Total ;2022;50.268
13 Madrid, Comunidad de;Total ;2021;49.725
13 Madrid, Comunidad de;Total ;2020;38.856
13 Madrid, Comunidad de;Total ;2019;54.264
13 Madrid, Comunidad de;Total ;2018;56.063
13 Madrid, Comunidad de;Total ;2017;52.778
13 Madrid, Comunidad de;Total ;2016;46.487
13 Madrid, Comunidad de;Total ;2015;34.746
13 Madrid, Comunidad de;Total ;2014;34.146
13 Madrid, Comunidad de;Total ;2013;34.123
13 Madrid, Comunidad de;De 18 a 20 años;2022;4.248
13 Madrid, Comunidad de;De 18 a 20 años;2021;4.107
13 Madrid, Comunidad de;De 18 a 20 años;2020;3.149
13 Madrid, Comunidad de;De 18 a 20 años;2019;4.597
13 Madrid, Comunidad de;De 18 a 20 años;2018;4.978
13 Madrid, Comunidad de;De 18 a 20 años;2017;5.195
13 Madrid, Comunidad de;De 18 a 20 años;2016;4.239
13 Madrid, Comunidad de;De 18 a 20 años;2015;2.824
13 Madrid, Comunidad de;De 18 a 20 años;2014;2.894
13 Madrid, Comunidad de;De 18 a 20 años;2013;2.854
13 Madrid, Comunidad de;De 21 a 25 años;2022;6.995
13 Madrid, Comunidad de;De 21 a 25 años;2021;7.083
13 Madrid, Comunidad de;De 21 a 25 años;2020;5.574
13 Madrid, Comunidad de;De 21 a 25 años;2019;8.025
13 Madrid, Comunidad de;De 21 a 25 años;2018;8.425
13 Madrid, Comunidad de;De 21 a 25 años;2017;8.207
13 Madrid, Comunidad de;De 21 a 25 años;2016;7.419
13 Madrid, Comunidad de;De 21 a 25 años;2015;5.284
13 Madrid, Comunidad de;De 21 a 25 años;2014;5.471
13 Madrid, Comunidad de;De 21 a 25 años;2013;5.426
13 Madrid, Comunidad de;De 26 a 30 años;2022;7.198
13 Madrid, Comunidad de;De 26 a 30 años;2021;7.331
13 Madrid, Comunidad de;De 26 a 30 años;2020;5.637
13 Madrid, Comunidad de;De 26 a 30 años;2019;8.016
13 Madrid, Comunidad de;De 26 a 30 años;2018;8.341
13 Madrid, Comunidad de;De 26 a 30 años;2017;8.150
13 Madrid, Comunidad de;De 26 a 30 años;2016;7.197
13 Madrid, Comunidad de;De 26 a 30 años;2015;5.558
13 Madrid, Comunidad de;De 26 a 30 años;2014;5.547
13 Madrid, Comunidad de;De 26 a 30 años;2013;5.644
13 Madrid, Comunidad de;De 31 a 35 años;2022;7.101
13 Madrid, Comunidad de;De 31 a 35 años;2021;7.070
13 Madrid, Comunidad de;De 31 a 35 años;2020;5.671
13 Madrid, Comunidad de;De 31 a 35 años;2019;8.025
13 Madrid, Comunidad de;De 31 a 35 años;2018;8.361
13 Madrid, Comunidad de;De 31 a 35 años;2017;7.598
13 Madrid, Comunidad de;De 31 a 35 años;2016;7.018
13 Madrid, Comunidad de;De 31 a 35 años;2015;5.561
13 Madrid, Comunidad de;De 31 a 35 años;2014;5.724
13 Madrid, Comunidad de;De 31 a 35 años;2013;5.871
13 Madrid, Comunidad de;De 36 a 40 años;2022;6.754
13 Madrid, Comunidad de;De 36 a 40 años;2021;7.014
13 Madrid, Comunidad de;De 36 a 40 años;2020;5.486
13 Madrid, Comunidad de;De 36 a 40 años;2019;7.537
13 Madrid, Comunidad de;De 36 a 40 años;2018;7.925
13 Madrid, Comunidad de;De 36 a 40 años;2017;7.318
13 Madrid, Comunidad de;De 36 a 40 años;2016;6.499
13 Madrid, Comunidad de;De 36 a 40 años;2015;5.153
13 Madrid, Comunidad de;De 36 a 40 años;2014;5.061
13 Madrid, Comunidad de;De 36 a 40 años;2013;4.925
13 Madrid, Comunidad de;De 41 a 50 años;2022;11.013
13 Madrid, Comunidad de;De 41 a 50 años;2021;10.475
13 Madrid, Comunidad de;De 41 a 50 años;2020;8.405
13 Madrid, Comunidad de;De 41 a 50 años;2019;11.243
13 Madrid, Comunidad de;De 41 a 50 años;2018;11.531
13 Madrid, Comunidad de;De 41 a 50 años;2017;10.494
13 Madrid, Comunidad de;De 41 a 50 años;2016;9.300
13 Madrid, Comunidad de;De 41 a 50 años;2015;7.024
13 Madrid, Comunidad de;De 41 a 50 años;2014;6.463
13 Madrid, Comunidad de;De 41 a 50 años;2013;6.472
13 Madrid, Comunidad de;De 51 a 60 años;2022;4.933
13 Madrid, Comunidad de;De 51 a 60 años;2021;4.844
13 Madrid, Comunidad de;De 51 a 60 años;2020;3.511
13 Madrid, Comunidad de;De 51 a 60 años;2019;4.829
13 Madrid, Comunidad de;De 51 a 60 años;2018;4.686
13 Madrid, Comunidad de;De 51 a 60 años;2017;4.221
13 Madrid, Comunidad de;De 51 a 60 años;2016;3.530
13 Madrid, Comunidad de;De 51 a 60 años;2015;2.553
13 Madrid, Comunidad de;De 51 a 60 años;2014;2.209
13 Madrid, Comunidad de;De 51 a 60 años;2013;2.180
13 Madrid, Comunidad de;De 61 a 70 años;2022;1.565
13 Madrid, Comunidad de;De 61 a 70 años;2021;1.382
13 Madrid, Comunidad de;De 61 a 70 años;2020;1.077
13 Madrid, Comunidad de;De 61 a 70 años;2019;1.563
13 Madrid, Comunidad de;De 61 a 70 años;2018;1.400
13 Madrid, Comunidad de;De 61 a 70 años;2017;1.223
13 Madrid, Comunidad de;De 61 a 70 años;2016;982
13 Madrid, Comunidad de;De 61 a 70 años;2015;658
13 Madrid, Comunidad de;De 61 a 70 años;2014;617
13 Madrid, Comunidad de;De 61 a 70 años;2013;609
13 Madrid, Comunidad de;71 y más años;2022;461
13 Madrid, Comunidad de;71 y más años;2021;419
13 Madrid, Comunidad de;71 y más años;2020;346
13 Madrid, Comunidad de;71 y más años;2019;429
13 Madrid, Comunidad de;71 y más años;2018;416
13 Madrid, Comunidad de;71 y más años;2017;372
13 Madrid, Comunidad de;71 y más años;2016;303
13 Madrid, Comunidad de;71 y más años;2015;131
13 Madrid, Comunidad de;71 y más años;2014;160
13 Madrid, Comunidad de;71 y más años;2013;142
14 Murcia, Región de;Total ;2022;14.751
14 Murcia, Región de;Total ;2021;14.147
14 Murcia, Región de;Total ;2020;10.411
14 Murcia, Región de;Total ;2019;13.275
14 Murcia, Región de;Total ;2018;13.101
14 Murcia, Región de;Total ;2017;12.761
14 Murcia, Región de;Total ;2016;12.812
14 Murcia, Región de;Total ;2015;10.238
14 Murcia, Región de;Total ;2014;9.757
14 Murcia, Región de;Total ;2013;10.010
14 Murcia, Región de;De 18 a 20 años;2022;1.051
14 Murcia, Región de;De 18 a 20 años;2021;1.027
14 Murcia, Región de;De 18 a 20 años;2020;797
14 Murcia, Región de;De 18 a 20 años;2019;1.078
14 Murcia, Región de;De 18 a 20 años;2018;1.050
14 Murcia, Región de;De 18 a 20 años;2017;1.055
14 Murcia, Región de;De 18 a 20 años;2016;1.080
14 Murcia, Región de;De 18 a 20 años;2015;888
14 Murcia, Región de;De 18 a 20 años;2014;769
14 Murcia, Región de;De 18 a 20 años;2013;796
14 Murcia, Región de;De 21 a 25 años;2022;2.071
14 Murcia, Región de;De 21 a 25 años;2021;1.962
14 Murcia, Región de;De 21 a 25 años;2020;1.513
14 Murcia, Región de;De 21 a 25 años;2019;1.847
14 Murcia, Región de;De 21 a 25 años;2018;1.951
14 Murcia, Región de;De 21 a 25 años;2017;1.817
14 Murcia, Región de;De 21 a 25 años;2016;1.896
14 Murcia, Región de;De 21 a 25 años;2015;1.484
14 Murcia, Región de;De 21 a 25 años;2014;1.379
14 Murcia, Región de;De 21 a 25 años;2013;1.522
14 Murcia, Región de;De 26 a 30 años;2022;2.128
14 Murcia, Región de;De 26 a 30 años;2021;1.948
14 Murcia, Región de;De 26 a 30 años;2020;1.547
14 Murcia, Región de;De 26 a 30 años;2019;2.006
14 Murcia, Región de;De 26 a 30 años;2018;1.848
14 Murcia, Región de;De 26 a 30 años;2017;1.834
14 Murcia, Región de;De 26 a 30 años;2016;1.891
14 Murcia, Región de;De 26 a 30 años;2015;1.482
14 Murcia, Región de;De 26 a 30 años;2014;1.579
14 Murcia, Región de;De 26 a 30 años;2013;1.627
14 Murcia, Región de;De 31 a 35 años;2022;2.094
14 Murcia, Región de;De 31 a 35 años;2021;2.023
14 Murcia, Región de;De 31 a 35 años;2020;1.537
14 Murcia, Región de;De 31 a 35 años;2019;1.936
14 Murcia, Región de;De 31 a 35 años;2018;2.120
14 Murcia, Región de;De 31 a 35 años;2017;2.015
14 Murcia, Región de;De 31 a 35 años;2016;1.990
14 Murcia, Región de;De 31 a 35 años;2015;1.694
14 Murcia, Región de;De 31 a 35 años;2014;1.715
14 Murcia, Región de;De 31 a 35 años;2013;1.899
14 Murcia, Región de;De 36 a 40 años;2022;2.273
14 Murcia, Región de;De 36 a 40 años;2021;2.135
14 Murcia, Región de;De 36 a 40 años;2020;1.567
14 Murcia, Región de;De 36 a 40 años;2019;1.995
14 Murcia, Región de;De 36 a 40 años;2018;1.913
14 Murcia, Región de;De 36 a 40 años;2017;1.910
14 Murcia, Región de;De 36 a 40 años;2016;1.936
14 Murcia, Región de;De 36 a 40 años;2015;1.598
14 Murcia, Región de;De 36 a 40 años;2014;1.581
14 Murcia, Región de;De 36 a 40 años;2013;1.437
14 Murcia, Región de;De 41 a 50 años;2022;3.192
14 Murcia, Región de;De 41 a 50 años;2021;3.237
14 Murcia, Región de;De 41 a 50 años;2020;2.225
14 Murcia, Región de;De 41 a 50 años;2019;2.864
14 Murcia, Región de;De 41 a 50 años;2018;2.721
14 Murcia, Región de;De 41 a 50 años;2017;2.693
14 Murcia, Región de;De 41 a 50 años;2016;2.659
14 Murcia, Región de;De 41 a 50 años;2015;2.080
14 Murcia, Región de;De 41 a 50 años;2014;1.860
14 Murcia, Región de;De 41 a 50 años;2013;1.890
14 Murcia, Región de;De 51 a 60 años;2022;1.440
14 Murcia, Región de;De 51 a 60 años;2021;1.343
14 Murcia, Región de;De 51 a 60 años;2020;913
14 Murcia, Región de;De 51 a 60 años;2019;1.123
14 Murcia, Región de;De 51 a 60 años;2018;1.073
14 Murcia, Región de;De 51 a 60 años;2017;1.062
14 Murcia, Región de;De 51 a 60 años;2016;945
14 Murcia, Región de;De 51 a 60 años;2015;744
14 Murcia, Región de;De 51 a 60 años;2014;669
14 Murcia, Región de;De 51 a 60 años;2013;634
14 Murcia, Región de;De 61 a 70 años;2022;395
14 Murcia, Región de;De 61 a 70 años;2021;380
14 Murcia, Región de;De 61 a 70 años;2020;244
14 Murcia, Región de;De 61 a 70 años;2019;341
14 Murcia, Región de;De 61 a 70 años;2018;325
14 Murcia, Región de;De 61 a 70 años;2017;305
14 Murcia, Región de;De 61 a 70 años;2016;319
14 Murcia, Región de;De 61 a 70 años;2015;222
14 Murcia, Región de;De 61 a 70 años;2014;177
14 Murcia, Región de;De 61 a 70 años;2013;172
14 Murcia, Región de;71 y más años;2022;107
14 Murcia, Región de;71 y más años;2021;92
14 Murcia, Región de;71 y más años;2020;68
14 Murcia, Región de;71 y más años;2019;85
14 Murcia, Región de;71 y más años;2018;100
14 Murcia, Región de;71 y más años;2017;70
14 Murcia, Región de;71 y más años;2016;96
14 Murcia, Región de;71 y más años;2015;46
14 Murcia, Región de;71 y más años;2014;28
14 Murcia, Región de;71 y más años;2013;33
15 Navarra, Comunidad Foral de;Total ;2022;5.515
15 Navarra, Comunidad Foral de;Total ;2021;4.725
15 Navarra, Comunidad Foral de;Total ;2020;3.686
15 Navarra, Comunidad Foral de;Total ;2019;4.940
15 Navarra, Comunidad Foral de;Total ;2018;4.775
15 Navarra, Comunidad Foral de;Total ;2017;4.533
15 Navarra, Comunidad Foral de;Total ;2016;4.109
15 Navarra, Comunidad Foral de;Total ;2015;3.481
15 Navarra, Comunidad Foral de;Total ;2014;3.301
15 Navarra, Comunidad Foral de;Total ;2013;3.380
15 Navarra, Comunidad Foral de;De 18 a 20 años;2022;500
15 Navarra, Comunidad Foral de;De 18 a 20 años;2021;502
15 Navarra, Comunidad Foral de;De 18 a 20 años;2020;339
15 Navarra, Comunidad Foral de;De 18 a 20 años;2019;417
15 Navarra, Comunidad Foral de;De 18 a 20 años;2018;437
15 Navarra, Comunidad Foral de;De 18 a 20 años;2017;452
15 Navarra, Comunidad Foral de;De 18 a 20 años;2016;432
15 Navarra, Comunidad Foral de;De 18 a 20 años;2015;313
15 Navarra, Comunidad Foral de;De 18 a 20 años;2014;284
15 Navarra, Comunidad Foral de;De 18 a 20 años;2013;297
15 Navarra, Comunidad Foral de;De 21 a 25 años;2022;787
15 Navarra, Comunidad Foral de;De 21 a 25 años;2021;673
15 Navarra, Comunidad Foral de;De 21 a 25 años;2020;529
15 Navarra, Comunidad Foral de;De 21 a 25 años;2019;750
15 Navarra, Comunidad Foral de;De 21 a 25 años;2018;812
15 Navarra, Comunidad Foral de;De 21 a 25 años;2017;745
15 Navarra, Comunidad Foral de;De 21 a 25 años;2016;617
15 Navarra, Comunidad Foral de;De 21 a 25 años;2015;548
15 Navarra, Comunidad Foral de;De 21 a 25 años;2014;543
15 Navarra, Comunidad Foral de;De 21 a 25 años;2013;526
15 Navarra, Comunidad Foral de;De 26 a 30 años;2022;850
15 Navarra, Comunidad Foral de;De 26 a 30 años;2021;652
15 Navarra, Comunidad Foral de;De 26 a 30 años;2020;501
15 Navarra, Comunidad Foral de;De 26 a 30 años;2019;689
15 Navarra, Comunidad Foral de;De 26 a 30 años;2018;618
15 Navarra, Comunidad Foral de;De 26 a 30 años;2017;604
15 Navarra, Comunidad Foral de;De 26 a 30 años;2016;584
15 Navarra, Comunidad Foral de;De 26 a 30 años;2015;547
15 Navarra, Comunidad Foral de;De 26 a 30 años;2014;480
15 Navarra, Comunidad Foral de;De 26 a 30 años;2013;512
15 Navarra, Comunidad Foral de;De 31 a 35 años;2022;727
15 Navarra, Comunidad Foral de;De 31 a 35 años;2021;583
15 Navarra, Comunidad Foral de;De 31 a 35 años;2020;484
15 Navarra, Comunidad Foral de;De 31 a 35 años;2019;652
15 Navarra, Comunidad Foral de;De 31 a 35 años;2018;679
15 Navarra, Comunidad Foral de;De 31 a 35 años;2017;635
15 Navarra, Comunidad Foral de;De 31 a 35 años;2016;608
15 Navarra, Comunidad Foral de;De 31 a 35 años;2015;553
15 Navarra, Comunidad Foral de;De 31 a 35 años;2014;501
15 Navarra, Comunidad Foral de;De 31 a 35 años;2013;538
15 Navarra, Comunidad Foral de;De 36 a 40 años;2022;682
15 Navarra, Comunidad Foral de;De 36 a 40 años;2021;628
15 Navarra, Comunidad Foral de;De 36 a 40 años;2020;514
15 Navarra, Comunidad Foral de;De 36 a 40 años;2019;789
15 Navarra, Comunidad Foral de;De 36 a 40 años;2018;686
15 Navarra, Comunidad Foral de;De 36 a 40 años;2017;640
15 Navarra, Comunidad Foral de;De 36 a 40 años;2016;585
15 Navarra, Comunidad Foral de;De 36 a 40 años;2015;519
15 Navarra, Comunidad Foral de;De 36 a 40 años;2014;518
15 Navarra, Comunidad Foral de;De 36 a 40 años;2013;492
15 Navarra, Comunidad Foral de;De 41 a 50 años;2022;1.165
15 Navarra, Comunidad Foral de;De 41 a 50 años;2021;1.023
15 Navarra, Comunidad Foral de;De 41 a 50 años;2020;801
15 Navarra, Comunidad Foral de;De 41 a 50 años;2019;1.084
15 Navarra, Comunidad Foral de;De 41 a 50 años;2018;995
15 Navarra, Comunidad Foral de;De 41 a 50 años;2017;901
15 Navarra, Comunidad Foral de;De 41 a 50 años;2016;751
15 Navarra, Comunidad Foral de;De 41 a 50 años;2015;631
15 Navarra, Comunidad Foral de;De 41 a 50 años;2014;638
15 Navarra, Comunidad Foral de;De 41 a 50 años;2013;659
15 Navarra, Comunidad Foral de;De 51 a 60 años;2022;595
15 Navarra, Comunidad Foral de;De 51 a 60 años;2021;492
15 Navarra, Comunidad Foral de;De 51 a 60 años;2020;371
15 Navarra, Comunidad Foral de;De 51 a 60 años;2019;390
15 Navarra, Comunidad Foral de;De 51 a 60 años;2018;392
15 Navarra, Comunidad Foral de;De 51 a 60 años;2017;400
15 Navarra, Comunidad Foral de;De 51 a 60 años;2016;385
15 Navarra, Comunidad Foral de;De 51 a 60 años;2015;288
15 Navarra, Comunidad Foral de;De 51 a 60 años;2014;243
15 Navarra, Comunidad Foral de;De 51 a 60 años;2013;274
15 Navarra, Comunidad Foral de;De 61 a 70 años;2022;141
15 Navarra, Comunidad Foral de;De 61 a 70 años;2021;118
15 Navarra, Comunidad Foral de;De 61 a 70 años;2020;113
15 Navarra, Comunidad Foral de;De 61 a 70 años;2019;125
15 Navarra, Comunidad Foral de;De 61 a 70 años;2018;121
15 Navarra, Comunidad Foral de;De 61 a 70 años;2017;122
15 Navarra, Comunidad Foral de;De 61 a 70 años;2016;109
15 Navarra, Comunidad Foral de;De 61 a 70 años;2015;64
15 Navarra, Comunidad Foral de;De 61 a 70 años;2014;74
15 Navarra, Comunidad Foral de;De 61 a 70 años;2013;67
15 Navarra, Comunidad Foral de;71 y más años;2022;68
15 Navarra, Comunidad Foral de;71 y más años;2021;54
15 Navarra, Comunidad Foral de;71 y más años;2020;34
15 Navarra, Comunidad Foral de;71 y más años;2019;44
15 Navarra, Comunidad Foral de;71 y más años;2018;35
15 Navarra, Comunidad Foral de;71 y más años;2017;34
15 Navarra, Comunidad Foral de;71 y más años;2016;38
15 Navarra, Comunidad Foral de;71 y más años;2015;18
15 Navarra, Comunidad Foral de;71 y más años;2014;20
15 Navarra, Comunidad Foral de;71 y más años;2013;15
16 País Vasco;Total ;2022;21.150
16 País Vasco;Total ;2021;20.708
16 País Vasco;Total ;2020;14.290
16 País Vasco;Total ;2019;18.697
16 País Vasco;Total ;2018;18.077
16 País Vasco;Total ;2017;17.118
16 País Vasco;Total ;2016;15.749
16 País Vasco;Total ;2015;10.589
16 País Vasco;Total ;2014;10.538
16 País Vasco;Total ;2013;10.969
16 País Vasco;De 18 a 20 años;2022;2.107
16 País Vasco;De 18 a 20 años;2021;2.019
16 País Vasco;De 18 a 20 años;2020;1.288
16 País Vasco;De 18 a 20 años;2019;1.762
16 País Vasco;De 18 a 20 años;2018;1.716
16 País Vasco;De 18 a 20 años;2017;1.654
16 País Vasco;De 18 a 20 años;2016;1.450
16 País Vasco;De 18 a 20 años;2015;891
16 País Vasco;De 18 a 20 años;2014;878
16 País Vasco;De 18 a 20 años;2013;993
16 País Vasco;De 21 a 25 años;2022;3.176
16 País Vasco;De 21 a 25 años;2021;3.107
16 País Vasco;De 21 a 25 años;2020;2.140
16 País Vasco;De 21 a 25 años;2019;2.765
16 País Vasco;De 21 a 25 años;2018;2.588
16 País Vasco;De 21 a 25 años;2017;2.555
16 País Vasco;De 21 a 25 años;2016;2.254
16 País Vasco;De 21 a 25 años;2015;1.482
16 País Vasco;De 21 a 25 años;2014;1.544
16 País Vasco;De 21 a 25 años;2013;1.597
16 País Vasco;De 26 a 30 años;2022;3.060
16 País Vasco;De 26 a 30 años;2021;2.806
16 País Vasco;De 26 a 30 años;2020;1.961
16 País Vasco;De 26 a 30 años;2019;2.587
16 País Vasco;De 26 a 30 años;2018;2.421
16 País Vasco;De 26 a 30 años;2017;2.376
16 País Vasco;De 26 a 30 años;2016;2.181
16 País Vasco;De 26 a 30 años;2015;1.538
16 País Vasco;De 26 a 30 años;2014;1.556
16 País Vasco;De 26 a 30 años;2013;1.671
16 País Vasco;De 31 a 35 años;2022;2.741
16 País Vasco;De 31 a 35 años;2021;2.638
16 País Vasco;De 31 a 35 años;2020;1.823
16 País Vasco;De 31 a 35 años;2019;2.498
16 País Vasco;De 31 a 35 años;2018;2.459
16 País Vasco;De 31 a 35 años;2017;2.250
16 País Vasco;De 31 a 35 años;2016;2.189
16 País Vasco;De 31 a 35 años;2015;1.544
16 País Vasco;De 31 a 35 años;2014;1.651
16 País Vasco;De 31 a 35 años;2013;1.736
16 País Vasco;De 36 a 40 años;2022;2.704
16 País Vasco;De 36 a 40 años;2021;2.679
16 País Vasco;De 36 a 40 años;2020;1.967
16 País Vasco;De 36 a 40 años;2019;2.450
16 País Vasco;De 36 a 40 años;2018;2.535
16 País Vasco;De 36 a 40 años;2017;2.422
16 País Vasco;De 36 a 40 años;2016;2.229
16 País Vasco;De 36 a 40 años;2015;1.622
16 País Vasco;De 36 a 40 años;2014;1.538
16 País Vasco;De 36 a 40 años;2013;1.561
16 País Vasco;De 41 a 50 años;2022;4.411
16 País Vasco;De 41 a 50 años;2021;4.454
16 País Vasco;De 41 a 50 años;2020;3.140
16 País Vasco;De 41 a 50 años;2019;4.034
16 País Vasco;De 41 a 50 años;2018;3.944
16 País Vasco;De 41 a 50 años;2017;3.638
16 País Vasco;De 41 a 50 años;2016;3.410
16 País Vasco;De 41 a 50 años;2015;2.277
16 País Vasco;De 41 a 50 años;2014;2.247
16 País Vasco;De 41 a 50 años;2013;2.194
16 País Vasco;De 51 a 60 años;2022;2.138
16 País Vasco;De 51 a 60 años;2021;2.121
16 País Vasco;De 51 a 60 años;2020;1.434
16 País Vasco;De 51 a 60 años;2019;1.871
16 País Vasco;De 51 a 60 años;2018;1.731
16 País Vasco;De 51 a 60 años;2017;1.530
16 País Vasco;De 51 a 60 años;2016;1.448
16 País Vasco;De 51 a 60 años;2015;883
16 País Vasco;De 51 a 60 años;2014;835
16 País Vasco;De 51 a 60 años;2013;903
16 País Vasco;De 61 a 70 años;2022;606
16 País Vasco;De 61 a 70 años;2021;652
16 País Vasco;De 61 a 70 años;2020;407
16 País Vasco;De 61 a 70 años;2019;554
16 País Vasco;De 61 a 70 años;2018;499
16 País Vasco;De 61 a 70 años;2017;522
16 País Vasco;De 61 a 70 años;2016;430
16 País Vasco;De 61 a 70 años;2015;270
16 País Vasco;De 61 a 70 años;2014;235
16 País Vasco;De 61 a 70 años;2013;237
16 País Vasco;71 y más años;2022;207
16 País Vasco;71 y más años;2021;232
16 País Vasco;71 y más años;2020;130
16 País Vasco;71 y más años;2019;176
16 País Vasco;71 y más años;2018;184
16 País Vasco;71 y más años;2017;171
16 País Vasco;71 y más años;2016;158
16 País Vasco;71 y más años;2015;82
16 País Vasco;71 y más años;2014;54
16 País Vasco;71 y más años;2013;77
17 Rioja, La;Total ;2022;3.095
17 Rioja, La;Total ;2021;2.971
17 Rioja, La;Total ;2020;1.911
17 Rioja, La;Total ;2019;2.439
17 Rioja, La;Total ;2018;2.734
17 Rioja, La;Total ;2017;2.476
17 Rioja, La;Total ;2016;2.561
17 Rioja, La;Total ;2015;1.956
17 Rioja, La;Total ;2014;1.890
17 Rioja, La;Total ;2013;1.686
17 Rioja, La;De 18 a 20 años;2022;252
17 Rioja, La;De 18 a 20 años;2021;222
17 Rioja, La;De 18 a 20 años;2020;161
17 Rioja, La;De 18 a 20 años;2019;195
17 Rioja, La;De 18 a 20 años;2018;206
17 Rioja, La;De 18 a 20 años;2017;174
17 Rioja, La;De 18 a 20 años;2016;209
17 Rioja, La;De 18 a 20 años;2015;157
17 Rioja, La;De 18 a 20 años;2014;168
17 Rioja, La;De 18 a 20 años;2013;149
17 Rioja, La;De 21 a 25 años;2022;399
17 Rioja, La;De 21 a 25 años;2021;385
17 Rioja, La;De 21 a 25 años;2020;271
17 Rioja, La;De 21 a 25 años;2019;339
17 Rioja, La;De 21 a 25 años;2018;355
17 Rioja, La;De 21 a 25 años;2017;348
17 Rioja, La;De 21 a 25 años;2016;389
17 Rioja, La;De 21 a 25 años;2015;292
17 Rioja, La;De 21 a 25 años;2014;278
17 Rioja, La;De 21 a 25 años;2013;273
17 Rioja, La;De 26 a 30 años;2022;457
17 Rioja, La;De 26 a 30 años;2021;429
17 Rioja, La;De 26 a 30 años;2020;274
17 Rioja, La;De 26 a 30 años;2019;303
17 Rioja, La;De 26 a 30 años;2018;417
17 Rioja, La;De 26 a 30 años;2017;339
17 Rioja, La;De 26 a 30 años;2016;343
17 Rioja, La;De 26 a 30 años;2015;301
17 Rioja, La;De 26 a 30 años;2014;275
17 Rioja, La;De 26 a 30 años;2013;236
17 Rioja, La;De 31 a 35 años;2022;443
17 Rioja, La;De 31 a 35 años;2021;413
17 Rioja, La;De 31 a 35 años;2020;250
17 Rioja, La;De 31 a 35 años;2019;331
17 Rioja, La;De 31 a 35 años;2018;376
17 Rioja, La;De 31 a 35 años;2017;331
17 Rioja, La;De 31 a 35 años;2016;362
17 Rioja, La;De 31 a 35 años;2015;335
17 Rioja, La;De 31 a 35 años;2014;327
17 Rioja, La;De 31 a 35 años;2013;245
17 Rioja, La;De 36 a 40 años;2022;410
17 Rioja, La;De 36 a 40 años;2021;445
17 Rioja, La;De 36 a 40 años;2020;249
17 Rioja, La;De 36 a 40 años;2019;384
17 Rioja, La;De 36 a 40 años;2018;403
17 Rioja, La;De 36 a 40 años;2017;397
17 Rioja, La;De 36 a 40 años;2016;360
17 Rioja, La;De 36 a 40 años;2015;301
17 Rioja, La;De 36 a 40 años;2014;265
17 Rioja, La;De 36 a 40 años;2013;253
17 Rioja, La;De 41 a 50 años;2022;664
17 Rioja, La;De 41 a 50 años;2021;596
17 Rioja, La;De 41 a 50 años;2020;421
17 Rioja, La;De 41 a 50 años;2019;540
17 Rioja, La;De 41 a 50 años;2018;611
17 Rioja, La;De 41 a 50 años;2017;562
17 Rioja, La;De 41 a 50 años;2016;566
17 Rioja, La;De 41 a 50 años;2015;355
17 Rioja, La;De 41 a 50 años;2014;387
17 Rioja, La;De 41 a 50 años;2013;383
17 Rioja, La;De 51 a 60 años;2022;335
17 Rioja, La;De 51 a 60 años;2021;320
17 Rioja, La;De 51 a 60 años;2020;215
17 Rioja, La;De 51 a 60 años;2019;251
17 Rioja, La;De 51 a 60 años;2018;265
17 Rioja, La;De 51 a 60 años;2017;226
17 Rioja, La;De 51 a 60 años;2016;247
17 Rioja, La;De 51 a 60 años;2015;165
17 Rioja, La;De 51 a 60 años;2014;131
17 Rioja, La;De 51 a 60 años;2013;108
17 Rioja, La;De 61 a 70 años;2022;107
17 Rioja, La;De 61 a 70 años;2021;133
17 Rioja, La;De 61 a 70 años;2020;51
17 Rioja, La;De 61 a 70 años;2019;72
17 Rioja, La;De 61 a 70 años;2018;83
17 Rioja, La;De 61 a 70 años;2017;76
17 Rioja, La;De 61 a 70 años;2016;62
17 Rioja, La;De 61 a 70 años;2015;36
17 Rioja, La;De 61 a 70 años;2014;48
17 Rioja, La;De 61 a 70 años;2013;31
17 Rioja, La;71 y más años;2022;28
17 Rioja, La;71 y más años;2021;28
17 Rioja, La;71 y más años;2020;19
17 Rioja, La;71 y más años;2019;24
17 Rioja, La;71 y más años;2018;18
17 Rioja, La;71 y más años;2017;23
17 Rioja, La;71 y más años;2016;23
17 Rioja, La;71 y más años;2015;14
17 Rioja, La;71 y más años;2014;11
17 Rioja, La;71 y más años;2013;8
18 Ceuta;Total ;2022;1.154
18 Ceuta;Total ;2021;1.192
18 Ceuta;Total ;2020;1.400
18 Ceuta;Total ;2019;2.180
18 Ceuta;Total ;2018;2.130
18 Ceuta;Total ;2017;2.037
18 Ceuta;Total ;2016;1.793
18 Ceuta;Total ;2015;1.805
18 Ceuta;Total ;2014;1.915
18 Ceuta;Total ;2013;1.988
18 Ceuta;De 18 a 20 años;2022;181
18 Ceuta;De 18 a 20 años;2021;175
18 Ceuta;De 18 a 20 años;2020;216
18 Ceuta;De 18 a 20 años;2019;230
18 Ceuta;De 18 a 20 años;2018;298
18 Ceuta;De 18 a 20 años;2017;265
18 Ceuta;De 18 a 20 años;2016;238
18 Ceuta;De 18 a 20 años;2015;228
18 Ceuta;De 18 a 20 años;2014;242
18 Ceuta;De 18 a 20 años;2013;229
18 Ceuta;De 21 a 25 años;2022;153
18 Ceuta;De 21 a 25 años;2021;228
18 Ceuta;De 21 a 25 años;2020;299
18 Ceuta;De 21 a 25 años;2019;456
18 Ceuta;De 21 a 25 años;2018;406
18 Ceuta;De 21 a 25 años;2017;409
18 Ceuta;De 21 a 25 años;2016;366
18 Ceuta;De 21 a 25 años;2015;358
18 Ceuta;De 21 a 25 años;2014;370
18 Ceuta;De 21 a 25 años;2013;381
18 Ceuta;De 26 a 30 años;2022;165
18 Ceuta;De 26 a 30 años;2021;195
18 Ceuta;De 26 a 30 años;2020;231
18 Ceuta;De 26 a 30 años;2019;376
18 Ceuta;De 26 a 30 años;2018;382
18 Ceuta;De 26 a 30 años;2017;355
18 Ceuta;De 26 a 30 años;2016;323
18 Ceuta;De 26 a 30 años;2015;324
18 Ceuta;De 26 a 30 años;2014;376
18 Ceuta;De 26 a 30 años;2013;391
18 Ceuta;De 31 a 35 años;2022;150
18 Ceuta;De 31 a 35 años;2021;134
18 Ceuta;De 31 a 35 años;2020;194
18 Ceuta;De 31 a 35 años;2019;309
18 Ceuta;De 31 a 35 años;2018;308
18 Ceuta;De 31 a 35 años;2017;313
18 Ceuta;De 31 a 35 años;2016;260
18 Ceuta;De 31 a 35 años;2015;277
18 Ceuta;De 31 a 35 años;2014;293
18 Ceuta;De 31 a 35 años;2013;350
18 Ceuta;De 36 a 40 años;2022;139
18 Ceuta;De 36 a 40 años;2021;154
18 Ceuta;De 36 a 40 años;2020;144
18 Ceuta;De 36 a 40 años;2019;266
18 Ceuta;De 36 a 40 años;2018;238
18 Ceuta;De 36 a 40 años;2017;208
18 Ceuta;De 36 a 40 años;2016;175
18 Ceuta;De 36 a 40 años;2015;215
18 Ceuta;De 36 a 40 años;2014;231
18 Ceuta;De 36 a 40 años;2013;231
18 Ceuta;De 41 a 50 años;2022;199
18 Ceuta;De 41 a 50 años;2021;158
18 Ceuta;De 41 a 50 años;2020;188
18 Ceuta;De 41 a 50 años;2019;343
18 Ceuta;De 41 a 50 años;2018;323
18 Ceuta;De 41 a 50 años;2017;309
18 Ceuta;De 41 a 50 años;2016;286
18 Ceuta;De 41 a 50 años;2015;244
18 Ceuta;De 41 a 50 años;2014;255
18 Ceuta;De 41 a 50 años;2013;279
18 Ceuta;De 51 a 60 años;2022;127
18 Ceuta;De 51 a 60 años;2021;107
18 Ceuta;De 51 a 60 años;2020;106
18 Ceuta;De 51 a 60 años;2019;156
18 Ceuta;De 51 a 60 años;2018;134
18 Ceuta;De 51 a 60 años;2017;152
18 Ceuta;De 51 a 60 años;2016;106
18 Ceuta;De 51 a 60 años;2015;112
18 Ceuta;De 51 a 60 años;2014;117
18 Ceuta;De 51 a 60 años;2013;101
18 Ceuta;De 61 a 70 años;2022;29
18 Ceuta;De 61 a 70 años;2021;32
18 Ceuta;De 61 a 70 años;2020;19
18 Ceuta;De 61 a 70 años;2019;39
18 Ceuta;De 61 a 70 años;2018;34
18 Ceuta;De 61 a 70 años;2017;24
18 Ceuta;De 61 a 70 años;2016;34
18 Ceuta;De 61 a 70 años;2015;43
18 Ceuta;De 61 a 70 años;2014;26
18 Ceuta;De 61 a 70 años;2013;23
18 Ceuta;71 y más años;2022;11
18 Ceuta;71 y más años;2021;9
18 Ceuta;71 y más años;2020;3
18 Ceuta;71 y más años;2019;5
18 Ceuta;71 y más años;2018;7
18 Ceuta;71 y más años;2017;2
18 Ceuta;71 y más años;2016;5
18 Ceuta;71 y más años;2015;4
18 Ceuta;71 y más años;2014;5
18 Ceuta;71 y más años;2013;3
19 Melilla;Total ;2022;1.143
19 Melilla;Total ;2021;1.127
19 Melilla;Total ;2020;1.184
19 Melilla;Total ;2019;1.855
19 Melilla;Total ;2018;1.870
19 Melilla;Total ;2017;1.767
19 Melilla;Total ;2016;1.400
19 Melilla;Total ;2015;1.489
19 Melilla;Total ;2014;1.385
19 Melilla;Total ;2013;1.357
19 Melilla;De 18 a 20 años;2022;182
19 Melilla;De 18 a 20 años;2021;215
19 Melilla;De 18 a 20 años;2020;187
19 Melilla;De 18 a 20 años;2019;302
19 Melilla;De 18 a 20 años;2018;266
19 Melilla;De 18 a 20 años;2017;258
19 Melilla;De 18 a 20 años;2016;181
19 Melilla;De 18 a 20 años;2015;214
19 Melilla;De 18 a 20 años;2014;209
19 Melilla;De 18 a 20 años;2013;227
19 Melilla;De 21 a 25 años;2022;242
19 Melilla;De 21 a 25 años;2021;264
19 Melilla;De 21 a 25 años;2020;266
19 Melilla;De 21 a 25 años;2019;437
19 Melilla;De 21 a 25 años;2018;467
19 Melilla;De 21 a 25 años;2017;433
19 Melilla;De 21 a 25 años;2016;295
19 Melilla;De 21 a 25 años;2015;381
19 Melilla;De 21 a 25 años;2014;347
19 Melilla;De 21 a 25 años;2013;329
19 Melilla;De 26 a 30 años;2022;191
19 Melilla;De 26 a 30 años;2021;208
19 Melilla;De 26 a 30 años;2020;273
19 Melilla;De 26 a 30 años;2019;321
19 Melilla;De 26 a 30 años;2018;371
19 Melilla;De 26 a 30 años;2017;344
19 Melilla;De 26 a 30 años;2016;301
19 Melilla;De 26 a 30 años;2015;297
19 Melilla;De 26 a 30 años;2014;288
19 Melilla;De 26 a 30 años;2013;273
19 Melilla;De 31 a 35 años;2022;112
19 Melilla;De 31 a 35 años;2021;134
19 Melilla;De 31 a 35 años;2020;138
19 Melilla;De 31 a 35 años;2019;248
19 Melilla;De 31 a 35 años;2018;270
19 Melilla;De 31 a 35 años;2017;257
19 Melilla;De 31 a 35 años;2016;210
19 Melilla;De 31 a 35 años;2015;226
19 Melilla;De 31 a 35 años;2014;197
19 Melilla;De 31 a 35 años;2013;181
19 Melilla;De 36 a 40 años;2022;144
19 Melilla;De 36 a 40 años;2021;94
19 Melilla;De 36 a 40 años;2020;111
19 Melilla;De 36 a 40 años;2019;198
19 Melilla;De 36 a 40 años;2018;175
19 Melilla;De 36 a 40 años;2017;165
19 Melilla;De 36 a 40 años;2016;149
19 Melilla;De 36 a 40 años;2015;141
19 Melilla;De 36 a 40 años;2014;106
19 Melilla;De 36 a 40 años;2013;131
19 Melilla;De 41 a 50 años;2022;169
19 Melilla;De 41 a 50 años;2021;126
19 Melilla;De 41 a 50 años;2020;119
19 Melilla;De 41 a 50 años;2019;209
19 Melilla;De 41 a 50 años;2018;182
19 Melilla;De 41 a 50 años;2017;209
19 Melilla;De 41 a 50 años;2016;176
19 Melilla;De 41 a 50 años;2015;160
19 Melilla;De 41 a 50 años;2014;142
19 Melilla;De 41 a 50 años;2013;151
19 Melilla;De 51 a 60 años;2022;80
19 Melilla;De 51 a 60 años;2021;70
19 Melilla;De 51 a 60 años;2020;73
19 Melilla;De 51 a 60 años;2019;113
19 Melilla;De 51 a 60 años;2018;109
19 Melilla;De 51 a 60 años;2017;80
19 Melilla;De 51 a 60 años;2016;65
19 Melilla;De 51 a 60 años;2015;51
19 Melilla;De 51 a 60 años;2014;80
19 Melilla;De 51 a 60 años;2013;57
19 Melilla;De 61 a 70 años;2022;21
19 Melilla;De 61 a 70 años;2021;15
19 Melilla;De 61 a 70 años;2020;16
19 Melilla;De 61 a 70 años;2019;20
19 Melilla;De 61 a 70 años;2018;25
19 Melilla;De 61 a 70 años;2017;19
19 Melilla;De 61 a 70 años;2016;19
19 Melilla;De 61 a 70 años;2015;14
19 Melilla;De 61 a 70 años;2014;16
19 Melilla;De 61 a 70 años;2013;8
19 Melilla;71 y más años;2022;2
19 Melilla;71 y más años;2021;1
19 Melilla;71 y más años;2020;1
19 Melilla;71 y más años;2019;7
19 Melilla;71 y más años;2018;5
19 Melilla;71 y más años;2017;2
19 Melilla;71 y más años;2016;4
19 Melilla;71 y más años;2015;5
19 Melilla;71 y más años;2014;0
19 Melilla;71 y más años;2013;0
